"Species","Family","FishGroups","EnglishName","KiswahiliName","Bycatch","Price_KSHPerkg","FunGr_Diet","Lmat_cm","Lopt_cm","Linf_cm","SizeCategory","Diet","Mobility","Active","Schooling","Position","Calcium_mgPer100g","Calicum_L95","Calcium_U95","Iron_mgPer100g","Iron_L95","Iron_U95","VitaminA_ugPer100g","VitaminA_L95","VitaminA_U95","Selenium_ugPer100g","Selenium_L95","Selenium_U95","Zinc_ugPer100g","Zinc_L95","Zinc_U95"
"Chaetodon auriga","Chaetodontidae","Butterflyfishes","Threadfin butterflyfish","Kikorokoro","Yes",80,"Invert-Micro",9.13380270534701,10.041655121372,15.4756090870205,"S3","Mobile Inverts","Sed","Day","Pair","Bottom",95.7302348184494,53.554496738269,172.645887445284,0.821087244202456,0.506604165348113,1.50809023721521,33.4023578990245,10.060922163989,114.373516530921,33.8046017491224,17.0163621169525,69.1791436252938,1.18328914430719,0.777928698261342,1.79485170518339
"Siganus sutor","Siganidae","Rabbitfishes","White-spotted rabbitfish","Tafi","No",200,"Browser",25.7435437034549,26.8287833447241,37.1318241403472,"S4","Herbivorous detritivorous","Mob","Day","LargeG","Bottom",43.7403885035726,18.4618119987435,104.388810651253,0.930038845389873,0.407040568945956,1.95088290483079,26.9822883179077,7.16682814675428,98.9371301893531,21.1382137888096,8.40390291287815,54.5032761027493,1.70561291920585,0.777727853300276,3.6888395100948
"Parupeneus macronemus","Mullidae","Goatfishes","Longbarbel goatfish","Mkundaji","No",160,NA,14.2983039109628,16.4445424867016,27.2304321351027,"S4","Mobile Inverts","Mob","Day","SmallG","Bottom",34.6150610404069,17.4107003318754,73.8070014008663,0.310534994686715,0.168837936038394,0.637319507811977,233.59456281712,37.728461856085,923.403313291054,63.0861431187703,29.0969973944477,139.917405500376,0.545369799017695,0.327972203871592,1.13262970027279
"Scarus rubroviolaceus","Scaridae","Parrotfishes","Redlip parrotfish","Pono","No",120,"Scrapers/Excavators",20.7631897170067,28.9960476836786,35.0207867323468,"S5","Omnivorous","Mob","Day","SmallG","Bottom",31.0953575239037,20.2823158224811,49.0041373696523,0.791639628442981,0.539234665129506,1.20719921905321,13.6450703244957,4.29869172621396,43.7736577877033,23.9431608263801,15.7741635063134,38.3346261517043,2.00366463072776,1.46526512837844,2.64372322163145
"Chaetodon falcula","Chaetodontidae","Butterflyfishes","Threadfin butterflyfish","Kikorokoro","Yes",80,NA,8.28462022115478,9.03050790143304,13.9345513902065,"S3","Mobile Inverts","Sed","Day","SmallG","Bottom",85.4720939505361,51.5316472992303,142.479742994578,0.742437142356597,0.487600993778172,1.23986573155361,50.2471213285121,16.4743442391957,152.654171411177,29.6514830357687,16.5594556651762,55.5469286497187,1.25897827358297,0.856097739452502,1.83701670630735
"Lethrinus harak","Lethrinidae","Emperors","Blackspot emperor","Changu","No",200,NA,23.8048094188566,27.4212643333212,39.5414778330548,"S4","Mobile Inverts","Mob","Day","SmallG","Bottom",62.1044183349507,33.7612217048333,104.629490618976,1.25124887139019,0.72687952031653,2.19153015413597,19.0690573839911,4.19682674782188,113.592750667512,49.912352254308,20.2633020774903,103.4454333874,2.83543044450876,1.86712200102245,4.10939224133176
"Synanceia verrucosa","Synanceiidae","Scorpionfishes","Stone fishes",NA,"Yes",0,NA,18.9508815378868,20.6480619672618,32.61876409259,"S4","Carnivorous","Sed","Night","Sol","Bottom",41.455665030625,21.1435639553089,95.8126020140287,0.555476528898428,0.283413327622257,1.05219997468231,221.384747269333,80.5560529848579,618.493862087739,36.4769119843662,17.7111904024457,79.5551395432486,0.9581154789566,0.64544362394792,1.44745097491984
"Acanthurus triostegus","Acanthuridae","Surgeonfishes","Convict surgeonfish","Togoo","Yes",120,"Grazer",14.6547895888429,14.6517778775341,20.6201602322719,"S3","Herbivorous detritivorous","VMob","Day","LargeG","Bottom",93.2894898059378,31.0152109137006,228.484622889886,0.977814359776403,0.372537659689742,2.4631932715979,26.5230502412899,8.38704665688455,86.3445025306412,20.3285164866732,6.67939870818377,56.6157903927805,2.34909734944706,0.744438190212774,4.57129851217808
"Lutjanus fulviflamma","Lutjanidae","Snappers","Dory snapper","Tembo","No",200,"Invert-Macro",20.0736936391811,26.6456392156786,35.9040898815946,"S4","Mobile Inverts","Mob","Both","MedG","Low",59.7807603987091,33.2570132640184,106.842672424631,0.545537739322591,0.310097953852534,1.00654468827189,134.554946463412,21.899426598532,578.062319042861,71.0267891313789,29.2426822588098,146.237807472508,0.752815871769248,0.501088732539326,1.34030271318176
"Pomacanthus semicirculatus","Pomacanthidae","Angelfishes","Semicircle angelfish","Jame","Yes",160,"Invert-Micro",23.7917569896446,28.1696811958262,38.7523029292634,"S4","Sessile Inverts","Sed","Day","Sol","Bottom",31.4832328364106,18.0477724314586,51.6275599521487,0.462045004098616,0.291476197780692,0.75581663652904,70.1745212164645,18.535061131714,246.847399822902,28.708194472429,15.3049974868963,54.6217636087696,1.16113361255543,0.750848031705683,1.74155745957655
"Leptoscarus vaigiensis","Scaridae","Parrotfishes","Seagrass parrotfish","Pono","No",120,"Browser",18.6645956397723,24.4794321991681,30.4290539759695,"S4","Herbivorous detritivorous","Mob","Day","MedG","Bottom",51.183992609768,27.7728726951066,98.386760112327,0.802923564467635,0.473797219295662,1.2725284904084,25.3498774931434,7.97854409729844,80.5896031430695,38.6453000731839,20.5011738023205,73.9641011419748,1.63748685817832,1.10312520543354,2.55366876175531
"Ctenochaetus striatus","Acanthuridae","Surgeonfishes","Stripped bristletooth","Togoo","Yes",120,"Detritivore",19.0241061815703,18.9758584532481,23.886374723415,"S3","Omnivorous","Sed","Day","MedG","Bottom",34.0372275968444,21.1448693726739,59.6373445549658,0.239528527678066,0.123519482265646,0.592413950253253,21.8560272708912,5.63007636932604,81.38666407578,22.5522298065506,12.9132025986244,41.7108942750719,0.429057219747155,0.289574128646769,1.30969480742008
"Ostracion cubicum","Ostraciidae","Trunkfishes","Yellow boxfish","Fufu","Yes",0,NA,19.0241061815703,18.9758584532481,23.886374723415,NA,NA,NA,NA,NA,NA,46.7513178835063,18.4991285011882,97.537463891326,0.580871554509677,0.361740457796935,1.15656510218858,40.5762420161034,12.6256269738091,128.175448475309,36.5828650229509,19.5222670817661,77.7131873960127,1.02132573102953,0.672528631474438,1.55024609997394
"Scarus russelii","Scaridae","Parrotfishes","Russel's snappers","Pono","No",120,"Scrapers/Excavators",21.2019595515219,29.6403145749041,35.7955865289913,"S5","Herbivorous detritivorous","Mob","Day","SmallG","Bottom",33.210346908586,21.8488337681208,52.6048389858744,0.76423279346482,0.527953835386609,1.1067322132697,22.1172862042101,6.91797107403174,70.0045516183292,20.5665948582851,13.4591173284236,32.2353997046913,2.17549356399088,1.59450986077815,2.87781883767849
"Arothron hispidus","Tetraodontidae","Puffers","White-spotted puffer",NA,"Yes",0,NA,16.4716087191905,16.9924569711277,29.0515601006601,"S5","Sessile Inverts","Mob","Day","Sol","Bottom",55.1720041564314,18.4208185107112,114.14934136093,0.752153446914437,0.406269799004075,1.53429686854269,45.3697770434078,10.8715849393869,166.701956723305,36.2672358939883,15.8485049845419,88.3306830526124,1.34231138522971,0.829182381205616,2.19830217507294
"Arothron nigropunctatus","Tetraodontidae","Puffers","Black spotted puffer",NA,"Yes",0,NA,16.4716087191905,16.9924569711277,29.0515601006601,"S4","Sessile Inverts","Mob","Day","Sol","Bottom",60.0730877668635,23.5747708255137,127.395589574255,0.650801421917321,0.406342870176218,1.29791128279346,42.8646186239354,12.9826182982758,139.222738203448,34.6435331375906,18.0100508744872,73.5691401214226,1.10962885025037,0.723790318904423,1.69643536350593
"Lethrinus mahsena","Lethrinidae","Emperors","Sky emperor","Tukwana","No",200,"Pisc-Macro-Invert",31.5395871506867,39.8619316117561,59.5898779223904,"S5","Mobile Inverts","VMob","Night","SmallG","Bottom",27.363725833553,18.287381922207,38.6034469675307,0.660367178228682,0.453341512675374,0.965807251033772,28.2938971392402,6.57148065696422,168.005007605609,46.2856465646631,29.2878294426466,72.5586017653644,2.04956810630042,1.44885416565124,2.69973615984963
"Lethrinus nebulosus","Lethrinidae","Emperors","Spangled emperor","Changu","No",200,"Pisc-Macro-Invert",36.5080351427456,45.5121780799512,69.3470258605076,"S6","Mobile Inverts","VMob","Night","MedG","Bottom",38.0169710020995,20.9256742498072,63.585268604891,0.945327777459112,0.560223802739374,1.64941444148164,21.2333912872821,4.73207635061313,133.918132178598,53.4789302460796,22.6646385337412,107.886654340936,2.36195182282797,1.5478495695853,3.41915950720271
"Diodon holocanthus","Tetraodontidae","Puffers","Balloonfish",NA,"Yes",0,NA,19.0749683029736,20.4815368358386,35.6931336014697,"S4","Mobile Inverts","Mob","Both","Sol","Bottom",33.8530627330889,12.8377462112132,86.0405052795616,0.856045362677612,0.449122959545933,1.83179272051387,24.0922845904562,5.88209456799647,99.4348173066543,19.149464460906,8.46053121237979,46.7401433575951,0.72536536281894,0.431639010687172,1.21146975517779
"Lagocephalus inermis","Tetraodontidae","Blaasops","Smooth blaasop",NA,"Yes",0,NA,12.6210886000158,12.8765895482047,22.1672216943546,NA,NA,NA,NA,NA,NA,NA,NA,NA,NA,NA,NA,NA,NA,NA,NA,NA,NA,NA,NA,NA
"Diodon liturosus","Diodontidae","Porcupinefishes","Porcupine","Bunju miiba","Yes",0,NA,19.0749683029736,20.4815368358386,35.6931336014697,"S5","Mobile Inverts","Mob","Both","Sol","Bottom",38.9212954707758,15.3384578956659,82.3246715041689,0.544596579534275,0.33781222995911,1.10289930978331,31.5379259221081,9.60650220405627,102.068630719423,41.4080715731412,21.8883395033363,89.8270183609199,0.913242347562589,0.602702070091189,1.40314348394577
"Lethrinus lentjan","Lethrinidae","Emperors","Pink ear emperor","Changu","No",200,"Pisc-Macro-Invert",24.3889249532713,29.0402810467821,40.7449127977062,"S5","Mobile Inverts","Mob","Night","SmallG","Bottom",68.9939386062785,35.8052016861031,118.598545218727,1.30729960655558,0.734459546239716,2.33605005412536,17.3103899120358,3.72946632563496,105.373117167944,52.9057792001423,19.5347989894878,112.632117273191,2.69490924432854,1.73568125637926,3.99483504667396
"Scarus niger","Scaridae","Parrotfishes","Swarthy parrotfish","Pono","No",120,NA,22.8232432535155,30.4075192444136,35.6519688203566,"S4","Omnivorous","Mob","Day","Sol","Bottom",44.3320985893859,29.3842759165767,69.0958867920626,0.895348996403513,0.616789521477861,1.34333316545184,19.0879531272787,6.11973909135172,62.110110567547,20.496331266956,13.7155278445664,31.9158986665302,2.3275632889395,1.70527962447489,3.07576664897813
"Scarus psittacus","Scaridae","Parrotfishes","Palenose parrotfish","Pono","No",120,"Scrapers/Excavators",16.7880871233022,23.4861145240738,29.189832383436,"S4","Omnivorous","Mob","Day","MedG","Bottom",58.8469132504774,38.3608025185949,95.7841605731588,1.0819556724377,0.710285408703565,1.74955173225136,13.7472945797532,3.96479230766133,48.8550440566167,21.6183163873269,13.6473694509596,35.2922931337551,2.44737616572933,1.73512236693062,3.30055508394295
"Scarus ghobban","Scaridae","Parrotfishes","Blue parrotfish","Pono","No",120,"Scrapers/Excavators",18.97752889319,26.1834686837272,31.4557695900176,"S5","Omnivorous","Mob","Day","SmallG","Bottom",32.3528608902888,16.6295699285965,59.9444598941547,0.913492424725609,0.515897322599418,1.63560474163391,22.9035360778725,5.50115786423893,92.5584254658951,21.6327484875379,10.3011084140049,46.1561822227799,2.57728217028367,1.69630972621495,3.88997248947118
"Chaetodon lineolatus","Chaetodontidae","Butterflyfishes","Threadfin butterflyfish","Kikorokoro","Yes",80,NA,8.28462022115478,9.03050790143304,13.9345513902065,"S4","Sessile Inverts","Sed","Day","Pair","Bottom",63.3198464099202,38.8832868244006,99.524902494635,0.663091701493544,0.443883428982446,1.07658005675574,42.0330034135818,13.764977995119,123.956237792799,32.6553861320285,18.9957373033792,58.5965629882511,1.14357157673448,0.789318093825519,1.64505971110967
"Siganus stellatus","Siganidae","Rabbitfishes","Stellate rabbitfish","Tafi","No",200,"Browser",20.7117043613887,21.3077476986205,29.5318281667467,"S4","Herbivorous detritivorous","Mob","Day","Pair","Bottom",35.7227676950779,15.8298084313763,86.1724854763178,0.635853278358145,0.293213849897824,1.39267924351714,22.8042393629417,7.02832927560757,72.1949942432951,18.0869126949316,7.70096306967323,46.906035273611,1.09959618498901,0.497434665351238,2.37290626880859
"Aluterus scriptus","Monacanthidae","Filefishes","Scrawled filefish","Sharifu","Yes",80,NA,10.0772217452913,10.1700721553038,17.6556603074339,"S6","Planktivorous","VMob","Both","Sol","Low",13.264913002666,4.35338232730705,31.130438545078,0.604654342085734,0.314796751731896,1.36464027901064,20.3145605563094,4.7305994668826,81.4486256973521,20.831798837459,9.13090515376439,50.4837801938573,0.696398059813784,0.38460529641326,1.23500123962831
"Lethrinus variegatus","Lethrinidae","Emperors","Slender emperor","Changu","No",200,"Invert-Macro",19.7423528028571,22.5816271358641,33.0174274872441,"S3","Mobile Inverts","VMob","Both","MedG","Bottom",78.406296326594,52.1754483177645,124.68121757252,1.04039240992007,0.726824898990038,1.54626113891357,35.3551399524834,8.40289577717174,207.81206561751,38.79568136731,23.5433467849052,59.6626283207301,2.66530928862005,1.90250270016225,3.63657891186627
"Dascyllus trimaculatus","Pomacentridae","Damselfishes","Scissor tail sergeant","Kitange","No",80,NA,7.01902626066066,7.98409839174168,12.3618042047749,"S2","Planktivorous","Sed","Day","SmallG","Bottom",69.7633017877304,39.44116319134,116.40326861314,0.849954399010706,0.542372373497849,1.37528782332978,106.979983961759,32.6471732026328,362.642585991906,23.9420816096108,11.5811136242939,47.9435493208646,1.36237380037439,0.897246974480773,2.05268824190717
"Naso brachycentron","Acanthuridae","Surgeonfishes","Humpback unicornfish","Togoo","Yes",120,"Browser",23.0760143416832,25.3911713555135,34.6904135426178,"S5","Macroalgal herbivorous","VMob","Day","MedG","Bottom",20.9990776174284,11.1610618730566,35.6411352898967,0.416808681905926,0.227305832852243,0.707518897954865,49.0886119267034,15.6695393196149,140.040108064059,40.0059559759718,21.7268756212447,75.265588511429,1.05469287708994,0.632738867161892,1.57089092617983
"Rhinecanthus aculeatus","Balistidae","Triggerfishes","Picassofish","Kikande","Yes",160,NA,14.3454534641279,14.286219454496,29.9216466185667,"S4","Mobile Inverts","Sed","Day","Sol","Bottom",57.645990004673,22.6350064983634,120.534920443245,0.634954706164528,0.399159590683341,1.2462258105174,49.5272864362933,15.1268061068033,157.256104382394,32.5650256984822,17.1126005429444,67.707109116733,1.17023646182948,0.76554592593453,1.79246505086007
"Cephalopholis argus","Serranidae","Groupers","Paecock grouper","Kivungwi","No",200,NA,19.1063060821972,21.0684265041684,33.3867090792347,"S5","Carnivorous","Sed","Both","Sol","Bottom",35.9181265383782,20.4682727807457,60.6314232165445,0.522245571785578,0.28989468196224,0.892040419220087,167.921198602717,59.3480047293408,517.264974121574,41.6496572823844,24.0372954519319,68.7666869537897,0.690118359224397,0.491666309167661,1.13703588790973
"Chaetodon vagabundus","Chaetodontidae","Butterflyfishes","Threadfin butterflyfish","Kikorokoro","Yes",80,NA,8.28462022115478,9.03050790143304,13.9345513902065,"S3","Mobile Inverts","Sed","Day","Pair","Bottom",72.592164112488,45.0702964082727,116.385935159193,0.762695047995298,0.505350663062216,1.20707572718055,36.4495086067521,11.9136489823466,114.748736838959,31.4160546701311,17.8622531005026,56.9397761500981,1.31633773311369,0.902203796957713,1.90704268670157
"Thalassoma purpureum","Labridae","Wrasses","Tripletail wrasse","Stefua","Yes",160,NA,10.945674657153,12.3020981019753,20.0809387319913,"S4","Mobile Inverts","Mob","Day","SmallG","Bottom",40.6618573381942,25.0384706568407,69.9475593055469,0.511969781922151,0.285983690738851,0.868448999990142,98.8020119921982,34.0921536756776,309.33721202116,37.7622370494279,22.4205668589808,59.1151850372276,1.24306552278237,0.877384438290799,2.20755081675449
"Rhinecanthus rectangulus","Balistidae","Triggerfishes","Wedge piucassofish","Kikande","Yes",160,NA,15.7457641432281,15.7608924034281,32.8688801357556,"S4","Mobile Inverts","Sed","Day","Sol","Bottom",59.0795705464967,23.3650752804099,125.769221903528,0.618753867618274,0.376605207778002,1.2309738486342,57.1048719262627,17.5840837599423,183.744664159184,32.1137118786745,16.6528664488337,68.292396027614,1.12346499707676,0.731644452073648,1.71401366015068
"Chaetodon lunula","Chaetodontidae","Butterflyfishes","Threadfin butterflyfish","Kikorokoro","Yes",80,NA,8.28462022115478,9.03050790143304,13.9345513902065,"S3","Sessile Inverts","Sed","Both","Pair","Low",86.9561390581199,52.3611098240248,146.982855051047,0.726287355320355,0.47386854483307,1.24425531651461,54.9138397908356,17.9311130000705,169.430482521812,29.4558540087425,16.2665765502673,56.7116840867374,1.22576496925124,0.827820227138283,1.7988972167918
"Cheilinus trilobatus","Labridae","Wrasses","Tripletail wrasse","Stefua","Yes",160,"Invert-Macro",14.6500799280078,17.2052859842807,27.9242387677478,"S4","Mobile Inverts","Mob","Day","Sol","Bottom",45.7619058961969,20.307642548349,109.367808418645,0.787905103510902,0.302673638960377,1.67346432826531,261.888109362482,38.689606347149,1483.28212328326,30.3875305686443,11.8597072197226,78.6872951377026,3.0943957559965,1.53766831309372,5.06012484658064
"Diodon hystrix","Diodontidae","Porcupinefishes","Porcupine","Bunju miiba","Yes",0,NA,19.0749683029736,20.4815368358386,35.6931336014697,"S6","Mobile Inverts","Mob","Both","Sol","Bottom",22.0889414661374,8.57901939801544,53.1422760923827,0.751706094478307,0.395713839096959,1.5777820956513,16.5692173233069,4.07934108130294,67.8439020008166,22.0403393974832,10.2336441589139,53.5583039153804,0.634924884133835,0.38066651290123,1.04567924940617
"Platax teira","Ephippidae","Batfishes","Longfin batfish",NA,"Yes",NA,NA,23.174369448648,27.5955427026966,42.5650326951497,"S5","Omnivorous","VMob","Day","MedG","Low",30.9110112054095,18.6160774639302,48.0575513104225,0.422639062757114,0.263652818016382,0.701187286245947,58.9935117951116,18.4637098761737,177.331304105151,35.6155850931143,20.5981311909764,65.140898054661,0.836176380444525,0.579448057360455,1.20458170669336
"Plectorhinchus flavomaculatus","Haemulidae","Sweetlips","Gold spotted sweetlips","Fute","Yes",160,"Pisc-Macro-Invert",31.6921391147686,35.6654952096118,58.913525511549,"S5","Mobile Inverts","Mob","Day","SmallG","Bottom",36.227347737588,21.4079598813726,62.8968855902995,0.482351467787486,0.272835364927534,0.833434453661442,79.0730760564843,32.2166764408713,182.871370099236,40.5651078678569,22.9747341781258,69.4281878407158,0.952142518038897,0.580061933520413,1.36611718589044
"Oxycheilinus bimaculatus","Labridae","Wrasses","Twospot wrasse","Stefua","Yes",160,NA,15.0189624185831,17.4477716233074,28.2070269166555,"S3","Mobile Inverts","Mob","Day","Sol","Bottom",84.0225213429681,30.6641947710827,232.217610408744,0.901282136087215,0.385615157776028,2.40500883779372,119.110235083923,40.4493899532961,373.577907558715,31.5012745086295,11.1761455881749,91.6621296256192,2.51334578883682,1.0457598262136,4.60255453407284
"Naso lituratus","Acanthuridae","Unicornfish","Naso tang","Puju","No",120,"Browser",23.1681302785004,25.3865171267855,34.2403929521558,"S4","Macroalgal herbivorous","Mob","Day","SmallG","Bottom",38.1406261189537,20.7525678698947,65.5616893204723,0.590917761652735,0.354053589741445,0.981565511281133,24.944872825994,6.93432100670763,84.9151764173851,34.0498940049015,17.5950900533222,66.5815922525864,1.17442393190376,0.701405258705929,1.82049486862545
"Epinephelus merra","Serranidae","Groupers","Honeycomb grouper","Tewa","No",200,NA,20.5548958344199,23.4335237955409,35.919135028075,"S4","Carnivorous","Mob","Both","Sol","Bottom",40.0156157356141,20.1306398367506,91.7586834732347,0.783757513476706,0.39147159227537,1.60451457370927,224.817715638576,58.4636633965909,830.713343258283,35.9870101781757,19.261126564408,66.7189897852231,1.37226456933433,0.830904149184378,2.12639129200929
"Siganus lineatus","Siganidae","Rabbitfishes","Lined rabbitfish","Tafi","No",200,NA,21.5205836901927,22.411005563707,31.1931227547479,"S4","Herbivorous detritivorous","VMob","Day","MedG","Bottom",33.4655562180827,16.2763625634312,73.9527411385355,0.722068160672673,0.356734995312983,1.33782566531702,20.2353403429737,6.42900561464946,65.4946039834804,21.8825475336047,10.5297565307006,48.1990284920911,1.36346170173351,0.648348172314213,2.80226356619559
"Abudefduf sexfasciatus","Pomacentridae","Damselfishes","Scissor tail sergeant","Kitange","Yes",80,"Grazer",9.37397437684798,10.8978335141451,16.808610056174,"S3","Planktivorous","Sed","Day","MedG","Low",64.5625974493083,39.4336813656781,100.857959118488,0.6737061190239,0.447485842854757,1.06884525171077,60.7896924433603,18.5182069295141,190.91976450051,26.7046902074469,15.0026294854975,48.2319442209114,1.42079412243779,0.964151903637624,2.08001775017745
"Parupeneus barberinus","Mullidae","Goatfishes","Dash and dot goatfish","Mkundaji","No",160,"Invert-Micro",16.8473532885066,20.0300481109126,33.8376683272644,"S5","Mobile Inverts","Mob","Day","Sol","Bottom",24.2535432159254,12.0932950644742,50.3060114854261,0.265164434046633,0.145879321940883,0.546844478600857,217.337475238271,34.3235392879853,868.810767455402,66.8982689051403,31.9734536574332,146.657070314077,0.492957418282961,0.297653523731094,1.04947075264031
"Sargocentron tiereoides","Sargocentridae","Squirrelfishes","Pink squirrelfish",NA,"Yes",NA,NA,11.5243063904691,10.3877459253067,19.2874350001866,"S3","Mobile Inverts","Mob","Night","Sol","Low",86.7141621988222,32.4866248540744,283.179698073293,0.51786350471589,0.245420093128794,1.5502271292138,61.0273055405401,23.5809510025201,161.827464375231,37.0787305679284,20.2209505592077,66.1941758050434,1.87802004642387,0.871755003360983,3.66054013413905
"Parupeneus rubescens","Mullidae","Goatfishes","Rosygoatfish","Mkundaji","No",160,NA,15.2181098203589,17.7442482601745,29.658715548923,"S4","Mobile Inverts","Mob","Day","SmallG","Bottom",32.8350972145799,16.5917707734707,69.4690308207858,0.30406933428781,0.165064481410729,0.622425143289736,227.182869667051,36.8399667298936,898.2374080395,64.1693727898147,29.7396049084859,141.703918129198,0.535223530672786,0.322383597301417,1.11438706082817
"Pomacanthus chrysurus","Pomacentridae","Angelfishes","Ear-spot angelfish","Zebra kipepeo","Yes",80,NA,23.7917569896446,28.1696811958262,38.7523029292634,"S4","Sessile Inverts","Sed","Day","Sol","Bottom",36.6163374939445,21.0401542259636,59.5092117250791,0.502040472548738,0.320712913739499,0.817176316141457,68.8327744468128,18.6004257868196,244.218383522002,27.8509136904895,14.8276354126832,52.8708894780369,1.23685017139273,0.806439660136915,1.85645561221736
"Lethrinus olivaceus","Lethrinidae","Emperors","Longface emperor","Changu","No",200,"Invert-Macro",36.8443172628525,45.7548519656726,67.4555174632678,"S6","Carnivorous","VMob","Both","Sol","Bottom",25.7830653850043,15.8576191543991,39.3283274411455,0.861160738202225,0.562058345777947,1.28623123043797,21.2589664397621,6.22640347368369,112.125391280974,59.3642298117333,34.3385221354035,97.998036120034,1.4940539399056,1.03614164434198,2.12730904299481
"Parupeneus indicus","Mullidae","Goatfishes","Indian goatfish","Mkundaji","No",160,"Invert-Micro",15.2181098203589,17.7442482601745,29.658715548923,"S4","Mobile Inverts","Mob","Day","SmallG","Bottom",40.0680467812721,17.0292839551879,92.0958433320318,0.382556633281519,0.17874001419354,0.875743276947099,294.042880323269,40.7193323427614,1443.07727997467,60.5897764278077,24.3696340053046,159.790152423135,0.695950044695501,0.390121649012499,1.50753357081058
"Lutjanus gibbus","Lutjanidae","Snappers","Humpback snappers","Chembeu","No",200,"Pisc-Macro-Invert",26.6872675263058,36.9263646953375,51.7334456582407,"S5","Mobile Inverts","Mob","Both","MedG","Bottom",31.6837107733141,20.7277755068654,45.2252405183175,0.314214791058529,0.215868746370603,0.490080228381541,164.886647085469,33.259208155726,450.624299143202,73.1768125016199,52.3052874563055,100.136048439524,0.495189547474518,0.375283377954358,0.808651716567707
"Calotomus carolinus","Scaridae","Parrotfishes","Stareye parrotfish","Pono","No",120,NA,16.6009175810485,22.1568690603644,27.8269918063861,"S5","Herbivorous detritivorous","Mob","Day","Sol","Bottom",32.0208477300368,13.4116839957863,103.238136082445,0.680482554953769,0.304176343503337,1.79092646170465,11.7035246478845,3.54331094723067,40.9888029776182,19.1245034214043,6.62218597032923,53.7255699313091,1.94450866677568,0.829254233899578,3.4614924976246
"Naso fageni","Acanthuridae","Surgeonfishes","Horseface unicornfish","Togoo","Yes",120,NA,23.5045674039518,26.0292485858785,35.7258179475271,"S5","Planktivorous","VMob","Day","MedG","High",24.7790145235178,12.6550085808711,44.4784785672156,0.534404308305213,0.298806324966103,0.902393503879274,25.7961767089648,7.57762545618545,85.987321395211,43.01191641474,22.2793900601257,87.9048448003542,1.20140123057486,0.725096716894466,1.82612421741198
"Lethrinus borbonicus","Lethrinidae","Emperors","Snubnose emperors","Changu","No",200,NA,17.9434965301883,20.5293503863508,30.0741031982197,"S4","Mobile Inverts","VMob","Night","SmallG","Bottom",61.2657614570275,40.7214270149822,101.639980946817,1.15021609534451,0.737328440380613,1.68098951719506,12.1437493754096,2.90173225508261,69.8627597084233,52.2770667215647,30.8389734317024,89.3046688140859,2.30885949717645,1.59607134236992,3.2726636083441
"Scorpaenopsis diabolus","Scorpaenidae","Scorpionfishes","Devil scorpionfish",NA,"No",NA,NA,16.3429974242448,18.0144992748766,30.1629624142326,"S4","Carnivorous","Sed","Night","Sol","Bottom",51.1589945030536,26.1050160164028,122.369356528116,0.605256625908331,0.310935489703727,1.14552393749762,244.327859839129,89.3630551982004,663.215488109035,34.1966066721565,16.126046518866,75.6702849727502,1.03835720890522,0.694165563851373,1.57346845214828
"Balistapus undulatus","Balistidae","Triggerfishes","Orangestripped triggerfish","Kikande","Yes",160,"Pisc-Macro-Invert",17.9156163216085,18.0594945289056,37.4401865011068,"S4","Mobile Inverts","Mob","Day","Sol","Bottom",58.7538699846454,22.9583692256632,124.134919445461,0.625708037732521,0.384924262192881,1.23558917613975,54.4682289304223,16.7633562724539,174.223418090652,32.2336183126161,16.8861734827978,67.6794673773124,1.1397355050379,0.74101997046775,1.7423733415907
"Anampses caeruleopunctatus","Labridae","Wrasses","Bluespotted wrasse","Pono","Yes",160,NA,15.0189624185831,17.4477716233074,28.2070269166555,"S4","Mobile Inverts","Mob","Day","SmallG","Bottom",42.0544599173849,25.998471055324,72.3091515437447,0.551812700708401,0.326923136980656,0.922350640920217,83.54906990139,28.9369926018535,255.800301309887,37.4087039219122,22.5142946677659,57.6906991889509,1.34704861306886,0.956311385571969,2.3620782521658
"Acanthurus leucosternon","Acanthuridae","Surgeonfishes","Powder blue surgeonfish","Togoo","Yes",120,"Grazer",14.8809426623574,14.927831687881,21.0220350879262,"S3","Herbivorous detritivorous","VMob","Day","LargeG","Bottom",44.3484522881305,13.9339318996542,102.673463574113,0.732586280356698,0.285532211542827,1.83559582617086,22.1405188755675,5.59861266729739,84.4228264903239,21.4378489447569,7.74738103189366,63.0338110691635,2.16887479319455,0.685342569914574,4.16493067693467
"Chlorurus sordidus","Scaridae","Parrotfishes","Blueâ€“barred parrotfish","Kangu pono","No",120,NA,19.8522578891439,26.1084396771661,30.5943171872139,"S4","Omnivorous","Mob","Day","SmallG","Bottom",56.4842181179171,20.2444243148849,149.691155424236,0.898639471238837,0.345136489059251,2.51425060708919,25.6108415220601,6.79113336197524,90.9122519708346,40.6269023532449,13.9673615702448,125.085380164619,2.85731868746474,1.17370657854118,5.39625381397374
"Papilloculiceps longiceps","Platycephalidae","Flatheads","Indian ocean crocodilefish",NA,"Yes",NA,NA,22.9343652021311,25.743019273935,40.101419459686,"S5","Carnivorous","Mob","Both","Sol","Bottom",50.7893796580777,21.4212864834309,111.944010748334,0.481629264584235,0.28506032211371,0.99444867056699,60.7106450491232,22.6258003951823,150.8017106908,50.8801381861071,26.1478922487483,126.083370474664,1.05088022187125,0.649307459816177,1.65608966549696
"Chlorurus atrilunula","Scaridae","Parrotfishes","Black crescent parrotfish","Pono","No",120,NA,24.1074080167991,33.0882511492713,39.9974638101999,"S4","Omnivorous","Mob","Day","SmallG","Bottom",42.8213126928185,16.8442492632202,114.723352503375,0.692446104163387,0.285538500388964,1.84387953466505,25.8543135304596,8.08788751319743,81.8391388719446,37.0357904677519,13.3818060439831,108.785110339125,2.59431654566706,1.03549180278519,4.69377222086665
"Abudefduf vaigiensis","Pomacentridae","Butterflyfishes","Black-backed butterflyfish","Togoo","Yes",80,NA,9.82490687129898,11.4660343593694,17.667481610867,"S3","Planktivorous","Sed","Day","MedG","Low",77.9509519423485,47.3640730685147,127.816844310299,0.82372059675123,0.548277909764902,1.30542798382689,32.992004936578,10.2517647267713,107.379840791437,30.8769632431272,17.2821948874489,56.6057316866766,1.42882033345146,0.964543409710028,2.09004845793938
"Plectorhinchus gaterinus","Haemulidae","Sweetlips","Blackspotted sweetlips","Fute","No",160,"Pisc-Macro-Invert",31.6921391147686,35.6654952096118,58.913525511549,"S5","Mobile Inverts","Mob","Day","Sol","Bottom",42.2328196576715,25.0911347473824,74.8833010917822,0.518329183710756,0.29420019955591,0.8911624116646,81.6130611996357,33.241542247176,188.16752211662,39.4079016858334,22.2201139954053,67.1951102500915,1.00171288915791,0.612316494088538,1.43287474690436
"Scarus scaber","Scaridae","Parrotfishes","Green parrotfish","Pono","No",120,NA,17.1061499462996,23.3378598191315,28.1389056077375,"S4","Omnivorous","Mob","Day","MedG","Bottom",47.5828412124207,31.4906409341694,74.5589811010025,0.929876233463618,0.634421260852303,1.40614416307548,18.9476968598084,6.01519497736321,61.6297237188238,20.3095244793644,13.5286216221205,31.7979391343068,2.37721211480021,1.73938609145092,3.15179124741337
"Lethrinus rubrioperculatus","Lethrinidae","Emperors","Redgill","Changu","No",200,NA,28.1240612819642,33.5067055680813,49.2637152974988,"S4","Mobile Inverts","VMob","Both","MedG","Bottom",47.2831965115862,32.6086837902705,71.3112698245194,0.91130743227737,0.638471175428334,1.2916731556231,17.3451178282524,4.43297015673888,100.032293369877,51.3321025634543,32.6044794159004,79.8332379244937,2.07612422281835,1.48777411271029,2.80450941747077
"Cephalopholis boenak","Cephalopholidae","Groupers","Chocolate hind","Tewa chui","No",NA,NA,17.4045500758342,19.0056080991018,30.0510949055642,"S4","Carnivorous","Sed","Both","Sol","Bottom",60.3870119414024,34.0635736960132,104.220980122495,0.714399676461996,0.387144797842851,1.23237690490324,155.587074743068,57.0562688782406,456.780934793452,36.9242162305629,20.9188636633238,63.1470901258933,0.883453999334536,0.618815092617723,1.48038627702201
"Cheilio inermis","Labridae","Wrasses","Cigar wrasse","Badu","No",160,"Invert-Micro",15.0189624185831,17.4477716233074,28.2070269166555,"S4","Carnivorous","VMob","Day","Sol","Bottom",41.3411416064669,23.0985895546728,70.1198787049417,0.462038401694386,0.266170480715579,0.839394079504203,89.3787926420238,27.4242235886974,302.018286852041,39.842614840918,22.344109536182,71.2966675771063,1.38340458317368,0.90696819660303,2.45233690082891
"Abalistes stellatus","Balistidae","Triggerfishes","Starry triggerfish","Kikande","Yes",160,NA,17.9156163216085,18.0594945289056,37.4401865011068,"S5","Mobile Inverts","Sed","Day","Sol","Bottom",35.7696471858056,13.9142223091498,74.1973214375856,0.483780829334424,0.292613441649407,0.958248816625308,49.4952320523566,15.2725168033704,162.121345560713,37.2874605416317,19.4681078187907,81.7794311482296,0.909991387026249,0.603403717193176,1.39546686372651
"Sufflamen chrysopterum","Balistidae","Triggerfishes","Haifmoon triggerfish","Kikande","Yes",160,"Invert-Micro",17.9156163216085,18.0594945289056,37.4401865011068,"S4","Mobile Inverts","Sed","Day","Sol","Bottom",59.0795705464967,23.3650752804099,125.769221903528,0.618753867618274,0.376605207778002,1.2309738486342,57.1048719262627,17.5840837599423,183.744664159184,32.1137118786745,16.6528664488337,68.292396027614,1.12346499707676,0.731644452073648,1.71401366015068
"Diagramma pictum","Haemulidae","Sweetlips","Paintes sweetlips","Beha","No",160,"Pisc-Macro-Invert",32.4386564917484,37.0611090161207,65.5247109736805,"S6","Mobile Inverts","Mob","Day","MedG","Bottom",25.7592515143445,10.4917347868903,71.2948671632923,0.492523979933354,0.200070688781874,1.0439926466204,37.9319759463945,16.1956393680231,85.4128554631714,47.6330020072105,17.3409272102671,127.774155897927,0.533775552162751,0.282825978907758,1.757889936383
"Monotaxis","Lethrinidae","Emperors","Bigeye emperor","Changu","Yes",200,NA,32.4386564917484,37.0611090161207,65.5247109736805,NA,NA,NA,NA,NA,NA,NA,NA,NA,NA,NA,NA,NA,NA,NA,NA,NA,NA,NA,NA,NA
"Parupeneus heptacanthus","Mullidae","Goatfishes","Redspot goatfish","Mkundaji","Yes",160,NA,17.1102136531475,20.3677473244317,34.3676731672256,"S4","Mobile Inverts","Mob","Day","SmallG","Bottom",40.7923716757316,17.2723851700372,93.9145933320563,0.364588545970251,0.171302354389021,0.847818173276788,408.276568247236,56.2636549725054,2135.45169232119,53.6549973963818,21.3345939453427,143.560468498825,0.748832320762016,0.419996726467357,1.61164078935811
"Cetoscarus bicolor","Scaridae","Parrotfishes","Bicolor parrotfish","Pono","No",120,NA,31.949261388338,45.7332479290501,57.025864962105,"S6","Herbivorous detritivorous","Mob","Day","SmallG","Bottom",42.9825485084053,23.4674911182174,82.0735263614547,0.777138282098231,0.458655858166283,1.2255042822696,17.9174390389859,5.66127027318388,57.5239464085779,44.3469030975315,23.3752433051722,85.1105057820242,1.48473801260048,0.997511181964668,2.32930620547302
"Thalassoma hebraicum","Labridae","Wrasses","Goldbar wrasse",NA,"Yes",160,NA,10.945674657153,12.3020981019753,20.0809387319913,"S3","Mobile Inverts","Mob","Day","SmallG","Bottom",65.71767572448,40.939017128583,123.853378649096,0.65978014176703,0.389770722116048,1.11807682421925,105.316782190584,36.6153877102018,324.14733449648,32.8508986105878,19.4041362189616,52.5685704547619,1.57229125394297,1.10540754830666,2.78318314019249
"Naso brevirostris","Acanthuridae","Surgeonfishes","Spotted unicornfish","Togoo","Yes",120,"Planktivore",21.7884540351447,23.9349091868435,32.9610154307726,"S5","Omnivorous","VMob","Day","LargeG","Low",36.1620969106075,19.7972446301658,65.1840496096268,0.649301938711282,0.369812751381001,1.04797517054053,22.0681921995591,7.4680270920878,65.0355172870521,43.6431820335191,24.2546575333845,81.6051838095162,1.26846346297857,0.784315407736086,1.86364213628643
"Taeniura lymma","Dasyatidae","Rays","Blue spotted ribbontail","Karwe","Yes",NA,"Invert-Macro",51.6958873142484,66.4116880278404,111.39336448626,NA,NA,NA,NA,NA,NA,24.8064042787782,3.57953196129156,137.730017219138,0.469836532877023,0.0892029962064639,1.93297032393882,99.5450346244074,21.7013759487504,446.705711735855,20.9433816506302,5.27855949534933,75.2756336620984,1.05995333260092,0.278109039051212,4.25756076493292
"Acanthurus nigricauda","Acanthuridae","Surgeonfishes","Blackstreak surgeonfish","Togoo","Yes",120,NA,16.9569244954737,17.372906621286,24.6091933936764,"S4","Herbivorous detritivorous","Mob","Day","SmallG","Bottom",85.1737378925932,24.8038427490945,222.90187849098,1.03626437278336,0.360622449068517,2.91689770572758,36.9769314009188,9.4036875223701,139.504088336304,19.0523797544523,5.80766085585037,67.2026523528101,2.66527333363052,0.851454239648637,5.31061991331943
"Scolopsis bimaculata","Nemipteridae","Monocle breams","Thumbprint spinecheek","Kanga macho","No",NA,"Pisc-Macro-Invert",13.6576049736587,15.7162260831337,25.3790749931821,NA,NA,NA,NA,NA,NA,64.1702924753499,38.2513005310033,126.299363208705,0.654530800759156,0.352212559939509,1.16411668804353,64.8903677824295,17.4891714582965,179.246349253097,37.2129097343085,20.4879779506712,67.7664992402302,1.20029484625728,0.754772371659276,1.80130707274858
"Hipposcarus harid","Scaridae","Parrotfishes","Longnose parrotfish","Pono","No",120,"Scrapers/Excavators",30.1232204898644,44.097214140918,56.2588070664429,"S5","Omnivorous","Mob","Day","MedG","Bottom",24.9613287247184,12.9428961421652,45.2932685939708,0.547651148783008,0.323666871473489,0.924663437159861,28.0067346326783,8.0909502891957,93.4128283218719,42.3151353371445,20.7331646747846,91.1669213325665,1.3279146263746,0.865796230920215,2.11399626667016
"Chromis atripectoralis","Pomacentridae","Damselfishes","Black-axil chromis",NA,"No",80,NA,6.68464971077061,7.49298479075887,11.5199720635173,"S2","Planktivorous","Sed","Day","LargeG","Low",80.9919520655693,45.8316598050329,133.943249012531,0.870579504508056,0.559762353124636,1.44228395897484,127.41736992616,40.0181706798421,417.906522343835,23.4946392444923,11.3829219392088,45.7447536631176,1.3620273846225,0.897811049917072,2.04778199743974
"Monotaxis grandoculis","Lethrinidae","Emperors","Bigeye emperor","Changu","No",200,NA,23.311005164448,27.5742467830575,41.3971845463537,"S5","Mobile Inverts","Mob","Night","Sol","Low",14.8169028341455,7.24815532817997,35.966174176872,0.134825197451852,0.0787372500923268,0.289776356482346,49.4217305267253,14.7706568376463,135.341485838857,75.4896752904399,39.4193102426192,145.906655996387,0.448413912709583,0.323839600488395,0.709779644407226
"Zanclus cornutus","Zanclidae","Surgeonfishes","Moorish idol","Kibangala mwewe","Yes",NA,"Invert-Micro",21.499017272869,25.2186139722751,38.7062151949129,"S3","Omnivorous","Mob","Day","SmallG","Bottom",39.0522276336868,21.5910220956246,74.3834991550227,0.996411602191278,0.561107797279823,1.67158528279401,30.0401305161094,7.18770444988027,119.013258516003,13.4105028592728,6.56683348704319,29.2811341334639,1.08351108881987,0.670092906942442,1.71095722830985
"Plectorhinchus sordidus","Haemulidae",NA,"Sweetlips","Fute","No",160,NA,23.4537672642959,25.5603802590525,40.5110160426326,"S5","Mobile Inverts","Mob","Day","Sol","Bottom",42.4196418713677,25.0305125869756,76.9993779670556,0.551822480790291,0.32688541671671,0.944418953346377,55.668096521456,23.3575259771593,126.958163138273,44.2930839566521,25.0791783975728,75.0238614753355,0.955049395070975,0.581138484631903,1.36673178911782
"Epinephelus coeruleopunctatus","Serranidae","Groupers","Whitespotted grouper","Kivungwi","No",200,NA,36.9933411740194,44.6841547622378,69.0089214896377,"S5","Carnivorous","Mob","Both","Sol","Bottom",19.7774327782623,10.3218187574112,44.5595250387331,0.42936639855306,0.23787574210287,0.879749344037346,164.506934694703,48.478179670499,580.174514793151,40.749253730237,23.5589183542155,68.8716436710682,1.21893812743289,0.761530119511568,1.83547957746062
"Epinephelus coioides","Serranidae","Groupers","Orange-spotted grouper","Kivungwi","No",200,"Piscivore",48.9210509257986,60.8178990523294,93.0919629789621,"S6","Carnivorous","Mob","Both","Sol","Bottom",14.8142401741477,6.11289278607742,37.9759550851868,0.798785065036881,0.330689072662328,1.86752195832527,99.0802219312249,18.1664933417425,475.285586128271,21.0456133434792,8.25391228529218,56.0589347841241,1.05551122916664,0.576972368053427,1.93050275379503
"Chaetodon trifasciatus","Chaetodontidae","Butterflyfishes","Redfin butterflyfish","Kitatange","Yes",80,"Invert-Micro",9.48116165933602,10.4355068630438,16.0513639979385,"S3","Sessile Inverts","Sed","Day","Pair","Bottom",123.042445033591,68.4748103563202,227.111173277912,0.964900861768471,0.59964182937028,1.72650797974142,33.7086510586236,10.0600013349751,117.155534629314,30.7230783482288,15.5793658892753,63.6484856302027,1.40438320150689,0.917009633446446,2.1382197608056
"Zebrasoma desjardinii","Acanthuridae","Surgeonfishes","Desjardin's sailfin tang","Togoo","Yes",120,NA,16.1481510426064,17.4050005960341,24.0984178409513,"S4","Herbivorous detritivorous","Mob","Day","SmallG","Bottom",33.3295872166913,13.2343363415307,92.0625296421883,0.708723600594518,0.307286955565834,1.84230934021083,24.6701029359362,6.24364413442577,91.876581882212,12.6535147269629,4.72198118875242,36.5789566162576,1.70181703304118,0.686661022590791,3.02519277724916
"Scolopsis ghanam","Nemipteridae","Monocle breams","Arabian spinecheek",NA,"No",NA,NA,13.6576049736587,15.7162260831337,25.3790749931821,"S4","Mobile Inverts","Mob","Day","SmallG","Bottom",63.851970317215,38.240652294415,125.129368150949,0.673916323190071,0.366970613903982,1.17286992201613,60.6868695516729,16.2984550267733,167.746897729951,37.0554466399419,20.6411556308059,65.8503063024492,1.24445883459862,0.779319532519158,1.85701720147542
"Epinephelus itajara","Serranidae","Groupers","Jawfish",NA,"No",200,NA,84.1765682285842,109.866066664988,169.050418473221,"S6","Mobile Inverts","Mob","Night","Sol","Bottom",9.82643800081622,3.9524131525899,25.205931289796,0.685604730128151,0.278727639386651,1.66038836654232,63.7653271868108,11.1642777815096,312.497238580338,26.251252626033,9.89062193269761,75.1673066721751,0.855037508561601,0.456881447507725,1.5885952745276
"Myripristis hexagona","Holocentridae","Soldierfishes","Doubletooth soldierfish",NA,"Yes",NA,NA,19.5800548478535,18.3728438832921,33.2227256830864,"S4","Planktivorous","Mob","Night","SmallG","Low",59.993052386683,25.3448493552348,141.691882041225,0.853759951083129,0.44104700023804,1.53065589970748,68.2290285621606,27.4453662717858,173.48468028452,40.1179721743253,21.4759504758187,66.3655134087137,1.22637504976923,0.753331151096385,1.98019530465205
"Chaetodon kleinii","Chaetodontidae","Butterflyfishes","Klein's butterflyfish","Kitatange","Yes",80,"Invert-Micro",8.28462022115478,9.03050790143304,13.9345513902065,"S3","Planktivorous","Sed","Day","Pair","Low",100.620552023165,60.5677216294739,171.790266931716,0.882179197052642,0.579422596349826,1.43330286645609,40.552729699512,13.0392158851172,131.764703154671,28.5668166382767,15.8203185277511,54.2599480322504,1.47946728692925,0.996851847793774,2.17092180697124
"Epinephelus longispinis","Serranidae","Groupers","Longspined grouper","Tewa","No",200,NA,36.9933411740194,44.6841547622378,69.0089214896377,"S5","Carnivorous","Mob","Both","Sol","Bottom",26.8411601449863,14.138973809744,59.0818382236755,0.443079262331722,0.248137200720442,0.92988775954474,230.474903372107,65.3841716863393,807.703194729376,37.7506592419876,20.8305345618074,62.7877127954566,1.24185627629359,0.785160188664593,1.86883505765043
"Gymnothorax undulatus","Muraenidae","Moray eels","Undulated moray",NA,"No",NA,NA,67.2192311713158,85.8739026081476,148.48255534498,"S6","Carnivorous","Sed","Night","Sol","Bottom",29.327015964233,13.884915292923,56.2565432624838,0.449297675809805,0.270349059633436,0.845657178594503,59.5091421727757,13.4369255015819,242.757058781343,51.4436585767776,23.8957976371398,117.712824948979,1.13592816914178,0.716017079848959,1.76652076674711
"Amblyglyphidodon leucogaster","Pomacentridae","Damselfishes","White -belly damsel",NA,"No",80,NA,8.78294823861601,10.1564709715098,15.6867187872922,"S2","Planktivorous","Sed","Day","MedG","Low",78.3077096413081,45.3755851975839,127.739252331361,0.820950247196574,0.525025277195481,1.35633348907235,143.624541166574,45.9311058224565,442.989319287361,23.8700942829589,11.6942897263393,44.9551884276542,1.27742667516683,0.847850066695994,1.9108080017492
"Chaetodon xanthocephalus","Chaetodontidae","Butterflyfishes","Yellowhead butterflyfish",NA,"Yes",80,NA,8.28462022115478,9.03050790143304,13.9345513902065,"S3","Omnivorous","Sed","Day","Pair","Bottom",78.9112896165743,48.3392282604581,129.797711524067,0.814509826832118,0.541937862385743,1.29321438579263,34.7573147449752,10.9890774003057,110.868117029731,30.6871088291758,17.2752129001852,56.4606240886955,1.40734039044757,0.956736918752868,2.05300179642093
"Cheilodipterus quinquelineatus","Apogonidae","Cardinalfishes","Five-lined cardinalfish",NA,"Yes",NA,NA,8.54066058484466,9.10306900496929,13.5489743253233,"S2","Carnivorous","Sed","Night","SmallG","Low",147.058150027588,82.530032582061,311.874341208993,0.811361037571993,0.49627904991298,1.39145638061579,85.0536760782644,29.7458968352325,234.765200325504,34.2457467504342,16.7961388310931,67.8745561146316,1.63341893185775,1.09850173968544,2.35525502053602
"Naso annulatus","Acanthuridae","Surgeonfishes","Whitemargin unicornfish","Togoo","Yes",120,"Planktivore",22.9021711332268,25.5393563482109,35.6166661460547,"S6","Planktivorous","VMob","Day","MedG","High",23.3123895982893,12.0732831910874,41.4344927703243,0.540386041069555,0.302349200850621,0.89139728250003,20.0205058754383,6.18138557243313,63.8310206446927,47.5786842838909,25.3712998655771,95.8282730373124,1.12204275865179,0.680965164911656,1.68161990186889
"Brotula multibarbata","Ophidiidae","Catfishes","Reef cusk eel",NA,"Yes",NA,NA,38.2061049019737,44.3374087002234,70.0700870501189,"S5","Carnivorous","Sed","Night","Sol","Bottom",33.3509660242586,19.3965470771073,56.7090549417972,0.41587681746163,0.247751624403162,0.683620680619165,50.1577905501748,18.7584700730961,128.123441771381,51.6391921714128,29.7440432589266,95.8692339669971,0.94988197121466,0.664065358143567,1.31582594261587
"Arothron mappa","Tetraodontidae","Puffers","Map puffer",NA,"Yes",0,NA,16.4716087191905,16.9924569711277,29.0515601006601,"S5","Mobile Inverts","Mob","Day","Sol","Bottom",33.9112531409135,12.8196960830033,70.2554962853397,0.548279162969076,0.344412250247736,1.09800083103207,26.6799191540346,7.79352604312176,86.7076895128817,41.6980952656834,21.1031754856663,86.1728410120113,1.00207281035817,0.652061936521722,1.56641401703932
"Lutjanus argentimaculatus","Lutjanidae","Snappers","River snapper",NA,"No",200,NA,46.7465779782326,68.2212951077973,98.48022363671,"S6","Carnivorous","Mob","Night","MedG","Low",11.1830319390117,4.87500084243034,24.4739580456684,0.571348595043746,0.261380117691346,1.31689235924166,81.769991040326,11.3338252536695,501.720806785839,44.8185180347229,14.6169994668515,109.826532964827,0.363681801469825,0.209637654181462,0.72990554367122
"Chaetodon melannotus","Chaetodontidae","Butterflyfishes","Black-backed butterflyfish",NA,"Yes",80,NA,8.28462022115478,9.03050790143304,13.9345513902065,"S3","Sessile Inverts","Sed","Day","Pair","Bottom",58.3915628669598,32.7992371367607,101.958414096627,0.452562482283868,0.226914198974489,0.848498121413132,268.442227005727,68.8478416898333,983.484381978487,21.9824827628166,9.89460228696227,46.9664871611249,1.13653275183423,0.711256324854025,1.78345499609403
"Acanthurus mata","Acanthuridae","Surgeonfishes","Elongate surgeonfish","Togoo","Yes",120,NA,19.7436372708129,20.730848120071,29.8011743665281,"S5","Planktivorous","VMob","Day","LargeG","Low",45.0665060003957,14.2711135293841,105.154140667782,0.665896779889909,0.258240387437727,1.54602972841044,34.7843059954394,9.82333369728115,116.616842301044,19.6953266150286,7.29536276317348,55.1321633233752,2.06904309167126,0.66197296469157,3.9309109769974
"Heniochus acuminatus","Chaetodontidae","Butterflyfishes","Longfin bannerfish","Kitatange","Yes",80,"Planktivore",12.1817172203236,13.6783221432426,21.0606794381027,"S3","Mobile Inverts","Sed","Day","Pair","Bottom",94.8066290248909,47.2089190462082,167.86375393251,0.899978304367882,0.509057771378138,1.78892208595978,57.3244106161697,14.7625732167468,207.346216078514,30.038678292737,11.2718912503031,71.5618804044116,1.56747460346367,0.987360423718116,2.43140751711493
"Arothron immaculatus","Tetraodontidae","Puffers","Immaculate puffer",NA,"Yes",0,NA,16.4716087191905,16.9924569711277,29.0515601006601,"S4","Mobile Inverts","Mob","Day","Sol","Bottom",63.6257233095363,20.5549590241782,135.208274732028,0.896995506737368,0.484251887288805,1.78701753089602,35.4331334694358,8.56363102539934,141.317845215578,33.7400300812364,14.7687648817767,84.3592015483106,1.60022167456009,0.978437325765662,2.64417860632146
"Epinephelus malabaricus","Serranidae","Groupers","Malabar grouper","Tewa","No",200,NA,46.9257865604373,57.8473307490967,88.9446920056838,"S6","Carnivorous","Mob","Both","Sol","Bottom",23.75468110555,9.79989187456378,59.9471795796321,0.690670116071343,0.28472648110533,1.90508048566768,36.1136245110486,6.84671406239402,194.74359836355,70.1938454489856,25.3889199178986,205.210040177571,1.11453039150773,0.600986139300881,1.99716127270928
"Centropyge multispinis","Pomacanthidae","Angelfishes","Many-spined angelfish",NA,"No",160,NA,22.8367591418258,27.0233260621573,38.7336634231468,"S2","Herbivorous detritivorous","Sed","Day","Pair","Bottom",74.5158713027178,44.8116070424584,119.264350696789,0.682788862455843,0.44357550122137,1.09454602312612,86.8601711714242,26.0870244818191,274.456107730271,23.6629272022031,13.0486604908338,44.2742577206858,1.51704878010451,1.00694812728304,2.25376492314962
"Cheilodipterus artus","Apogonidae","Cardinalfishes","Lined cardinalfish",NA,"Yes",NA,NA,8.54066058484466,9.10306900496929,13.5489743253233,"S3","Carnivorous","Sed","Night","SmallG","Low",76.200458278981,43.2761005541726,127.478393023684,0.775254023714979,0.489692701360448,1.33395867978167,120.801735986269,39.6598428515467,366.040951954443,27.9731422011987,13.732610107958,53.3523622453471,1.04987909885144,0.69793050287732,1.59458827972528
"Platax orbicularis","Ephippidae","Spadefishe","Orbicular batfish","Kivigwi","No",NA,NA,23.174369448648,27.5955427026966,42.5650326951497,"S5","Omnivorous","VMob","Day","MedG","Low",40.2869499129757,21.2575912419293,74.6684308661661,0.614713112651801,0.352484129299052,1.26630505234404,57.1676336544849,13.8305334184866,213.21903340755,32.416484976913,15.2999720909811,74.9140397125001,1.26152192349178,0.807665241635063,1.99387420006543
"Upeneus tragula","Mullidae","Goatfishes","Freckled goatfish","Mkundaji","No",160,"Invert-Micro",10.4827221646595,11.5701718090196,19.7521320049446,"S4","Mobile Inverts","Mob","Both","MedG","Bottom",98.1833147749344,48.0720369791399,207.995704854913,0.907988651754351,0.438617540689626,1.84727326624934,78.7253418351718,21.7160018115735,325.778998793816,34.6922238650796,14.9792339631169,78.2027372421656,1.59206245344189,0.837052024339295,2.48316744513067
"Mulloidichthys flavolineatus","Mullidae","Goatfishes","Yellow-stripe goatfish","Mkundaji","No",160,NA,16.4653524478075,18.9864653058904,32.470545019267,"S4","Mobile Inverts","Mob","Day","MedG","Bottom",44.3934908045769,25.3746145403132,83.3054120683555,0.491215945898979,0.270896025088396,0.807477853729244,86.8299758561065,31.3615605100932,288.541714417152,38.954418773753,22.0188183700415,61.9060445341836,1.02872607656702,0.551731065746781,1.45152846063465
"Lactoria fornasini","Ostraciidae","Trunkfishes","Thornback cowfish",NA,"Yes",0,NA,19.0749683029736,20.4815368358386,35.6931336014697,"S3","Mobile Inverts","VMob","Both","Sol","Bottom",63.9538086535357,24.9523937642642,133.275617814981,0.667707603685817,0.419517747734115,1.30266644117783,57.6495788132718,17.789086618047,184.226895769814,30.0560256973992,15.6057099110462,61.669278144122,1.2872261696957,0.840557585125999,1.9924204537428
"Kyphosus vaigiensis","Kyphosidae","Rudderfishes","Lowfin rudderfish",NA,"Yes",NA,NA,30.7640684206087,35.7977114127609,51.2399538015441,"S5","Macroalgal herbivorous","VMob","Day","MedG","Low",24.4644329908361,13.2371085529727,44.0938649783183,0.507289600316008,0.319204152841587,0.858795965846681,24.5929093028838,5.79916506299121,99.5239895255347,38.314819821959,16.9704937136999,78.6669273098,1.10030320833979,0.700269794931736,1.70905298227276
"Carangoides ferdau","Carangidae","Jacks","Bar jack","Kolekole","No",NA,"Pisc-Macro-Invert",31.0898586580325,37.1789145720338,65.3385857348982,"S5","Carnivorous","VMob","Both","MedG","High",28.3256147814017,12.690774504563,66.3738371331406,1.46984924950399,0.633349108283008,3.36181356471362,125.770803095343,12.5280349864691,1061.82215434144,10.5603540367999,3.39565138356346,25.7357875923782,0.782332520239889,0.399940031315471,1.7347694444612
"Gymnothorax favagineus","Muraenidae","Moray eels","Honeycomb moray","Mkunga","Yes",NA,"Piscivore",67.2192311713158,85.8739026081476,148.48255534498,"S6","Carnivorous","Sed","Night","Sol","Bottom",18.0265428427443,8.00271791430704,36.5179439845413,0.329980411733906,0.185039595302882,0.679741737079529,65.5168798224772,14.2523095794659,294.409499725973,59.1953502725609,25.6158233625324,140.413968322331,0.861281526205963,0.519095869282266,1.40687657767631
"Aethaloperca rogaa","Serranidae","Groupers","Redmouth grouper","Hira","Yes",200,"Pisc-Macro-Invert",25.7848499965633,28.9420695182086,46.1205609167072,"S5","Carnivorous","Mob","Both","Sol","Bottom",31.255322862701,18.0873004142865,56.5215322534814,0.304948217528507,0.160547314695296,0.623440693597084,118.795883962049,33.5853135575794,454.701398913388,59.0254328690548,33.8162963535146,103.533261663036,0.570999439349311,0.319216403754834,2.68440895855302
"Lutjanus bohar","Lutjanidae","Snappers","Twinspot snapper","Changu mwekundu","No",200,"Pisc-Macro-Invert",33.9696644535155,48.7436481332142,71.0308749872104,"S6","Carnivorous","Mob","Night","MedG","Low",20.944936399279,10.1903709043505,39.0638725355366,0.275758684998116,0.159531354808072,0.511820941435344,303.913256075304,51.4364907420999,1161.86443708888,67.8962138488842,33.9548770319396,137.410785579452,0.542696511704794,0.356464030650974,0.923004741688213
"Siganus argenteus","Siganidae","Rabbitfishes","Forktail rabbitfish","Tafi","No",200,"Browser",21.7723659347528,22.8683005570703,31.9408327607877,"S4","Herbivorous detritivorous","VMob","Day","LargeG","Bottom",37.6443906946181,18.4372050220421,83.7211882356262,0.787653887789251,0.385204877191951,1.43194387956363,17.7817637073565,5.61340472100414,58.1778311866813,22.0803243271247,10.6561083238966,49.1810901142847,1.39242387671423,0.663278839867386,2.83827850799834
"Lutjanus russellii","Lutjanidae","Snappers","Russel's snappers","Chembeu","No",200,NA,31.2464676143118,43.8039645478617,62.4384528390117,NA,NA,NA,NA,NA,NA,32.9919800820559,16.4054887251089,64.1312100774032,0.466127286691423,0.257948876283649,0.866982670709418,320.660035496162,52.6797411919855,1476.34503464006,65.6173188279645,28.7056303510824,153.124242518594,0.586509556559023,0.376784247540456,1.03485843101707
"Lethrinus obsoletus","Lethrinidae","Emperors","Orange-stripe emperor","Changu","No",200,"Pisc-Macro-Invert",24.36808846215,28.9284316406226,42.6832200443944,"S4","Mobile Inverts","Mob","Night","SmallG","Bottom",42.2129626810017,28.9059225161011,62.6898229073551,0.855200811125536,0.601656628915904,1.20988346926671,16.8985945495843,4.33284855347961,97.3613031169168,53.6878214028755,33.9037174060442,83.9236062889219,1.94635948765377,1.38231763850287,2.63285390999564
"Scarus globiceps","Scaridae","Parrotfishes","Violet-lined parrotfish","Pono","No",120,"Scrapers/Excavators",21.2019595515219,29.6403145749041,35.7955865289913,"S3","Omnivorous","Mob","Day","Sol","Bottom",42.3321228227377,24.621662581289,74.7955036760922,0.759845035946734,0.470268214230166,1.1788102030486,21.5355305036362,6.30208672855535,75.6152912458683,21.0895119985904,12.0819008816985,40.9436076293336,2.40995669566084,1.64940127172398,3.46875405453976
"Parupeneus cyclostomus","Mullidae","Goatfishes","Yellowsaddle goatfish","Mkundaji","No",160,"Pisc-Macro-Invert",15.2181098203589,17.7442482601745,29.658715548923,"S5","Carnivorous","Mob","Day","Sol","Bottom",26.8470026283186,13.0838542943129,57.1099867205017,0.312269826040047,0.157202969507509,0.652180669055823,459.934889278795,69.5260868435161,2019.11968940022,64.9709909842913,26.8588024939994,146.988120746911,0.41833397074303,0.245228643809449,0.858424973696954
"Chaetodon selene","Chaetodontidae","Butterflyfishes","Yellow-dotted butterflyfish","Kitatange","Yes",80,"Invert-Micro",8.28462022115478,9.03050790143304,13.9345513902065,"S3","Mobile Inverts","Sed","Day","Pair","Bottom",95.4570448991257,57.1684060553857,162.683002739192,0.895658502326703,0.586098120536986,1.4370602806379,35.0744558491128,11.0892002487088,116.554646625453,29.4393361263483,16.2530997991411,55.9609757126346,1.49620833893635,1.00578645094508,2.19999158495721
"Scarus frenatus","Scaridae","Parrotfishes","Bridled parrotfish","Kangu","No",120,"Scrapers/Excavators",21.9830465402807,28.8487857080101,33.0151119799713,"S4","Omnivorous","Mob","Day","Sol","Bottom",40.5755330305725,26.8498921134062,63.4039632799622,0.875104323820618,0.600228555881822,1.32603066245555,16.818947267521,5.33774526332635,54.9461050719156,21.6614820087724,14.3572336476427,33.7950514271296,2.22986165744882,1.63437857972429,2.93271147711543
"Gerres oyena","Gerreidae","Grunters","Blacktip mojarra","Chaa","Yes",NA,NA,10.4227028864917,12.3467109745527,19.8376312379237,"S3","Mobile Inverts","VMob","Night","MedG","Low",92.7483034096052,44.1573609872893,186.96483628024,1.18696385990525,0.573643283776366,2.20570879474707,30.9153974387932,6.70174517624663,124.058205281191,40.0833774781821,18.7908014341222,86.9721557625376,1.87037482029897,1.14083203734839,2.92654433748847
"Acanthurus nigrofuscus","Acanthuridae","Surgeonfishes","Elongate surgeonfish","Ngudu","Yes",120,NA,12.0921464127679,12.0547311374926,17.1687377149652,"S3","Herbivorous detritivorous","Sed","Day","SmallG","Bottom",90.1286942216554,29.0404374166048,216.031282597162,1.00928197980354,0.388589400638271,2.64009167151178,27.5145689289784,7.16167255268176,102.927679671541,17.8830681418228,6.24606786711156,50.8067605291363,2.80781005533009,0.878165683062285,5.3859969503179
"Lutjanus sebae","Lutjanidae","Snappers","Emperor snapper","Fwatundu","No",200,NA,45.3069426737103,65.9498808936741,89.6554035331165,"S6","Carnivorous","Mob","Night","SmallG","Low",16.1949002932555,5.93163177080562,38.7679331041011,0.330974661196918,0.16308008351631,0.770455360188819,199.562386000585,27.6998977115231,1140.58513915054,69.7539854546593,25.6397032775654,179.124364433619,0.415237018923164,0.230115050859228,0.764479791587881
"Epinephelus fuscoguttatus","Serranidae","Groupers","Brown-marbled","Kivungwi","Yes",200,"Piscivore",47.426573756048,59.4832276745138,92.8839311372032,"S6","Carnivorous","Mob","Both","Sol","Bottom",16.6121275771159,8.47561947153645,36.913399672072,0.390894890122716,0.215645491568944,0.819081318513284,129.436590472354,38.261620192057,455.341186973799,47.5402815928254,26.9691892043613,83.1686531513188,1.01905767843837,0.637489858599542,1.55423834915283
"Chlorurus strongylocephalus","Scaridae","Rabbitfishes","White spotted rabbitfish","Pono","No",120,NA,24.1074080167991,33.0882511492713,39.9974638101999,"S5","Omnivorous","Mob","Day","SmallG","Bottom",22.7406027485067,8.61011096708595,61.3230853392706,0.522595512737268,0.213623051076636,1.4092375520485,19.7503324561705,6.17266364523581,62.8144498255721,44.998733169869,15.5007533411606,134.865827386915,2.04933087678287,0.816141212993008,3.80439484160142
"Neoglyphidodon melas","Pomacentridae",NA,NA,"Nyungune?","Yes",80,"Invert-Micro",8.78294823861601,10.1564709715098,15.6867187872922,"S3","Omnivorous","Sed","Day","Sol","Bottom",71.0099353331632,44.2300245834035,110.324271464276,0.638357885242842,0.410680392389488,1.03303638678395,88.3689589237948,28.3439976055655,255.14311857112,25.276209362539,14.470633964258,46.3229727454092,1.30801736923106,0.893067510703975,1.89509613532585
"Cephalopholis spiloparaea","Serranidae","Groupers","Strawberry grouper","Kikokwe","Yes",200,"Piscivore",15.1793273251231,16.2476535340908,25.5098326439898,"S4","Carnivorous","Sed","Both","Sol","Bottom",61.0128177671127,34.7196219359633,105.725145264955,0.706616043661194,0.382392572536854,1.2206522762426,162.635835406893,59.9923080053071,492.341048779838,36.9294019159178,20.7627454088068,63.1599632713026,0.868541791278641,0.609412158079683,1.45853319930105
"Bodianus axillaris","Labridae","Bony Fishes","Axilspot hogfish","Mbono","No",160,"Invert-Micro",15.0189624185831,17.4477716233074,28.2070269166555,"S3","Mobile Inverts","Mob","Day","Sol","Bottom",69.1342434649656,42.6115543456742,130.107935005489,0.671408848791345,0.396493474548863,1.14018739672168,116.11446872926,39.9834238782394,363.772734429131,31.2228255549411,18.2218175356843,50.4911652398362,1.65924619625638,1.15527114805454,2.92140517367502
"Acanthurus tennentii","Acanthuridae","Surgeonfishes","Leutenant surgeonfish","Ngudu","Yes",120,NA,17.9519505170744,18.5003455532661,26.2248245519282,"S4","Herbivorous detritivorous","Mob","Day","SmallG","Bottom",66.3472620810826,21.4184703400229,157.918901492809,0.876754347137712,0.340787149040901,2.23221953052555,25.8472502305459,6.5394955506597,94.7752048907451,19.2104240897424,6.81593888139689,54.6439754034575,2.52230843773173,0.796167121050514,4.85603964708606
"Tetrosomus gibbosus","Ostraciidae",NA,NA,"Kikande","Yes",0,"Invert-Micro",19.0749683029736,20.4815368358386,35.6931336014697,"S4","Omnivorous","Mob","Both","Sol","Bottom",58.4130609696894,22.9751416830034,124.10242024347,0.61280858416797,0.373589865391676,1.20896973251076,58.7360481695637,18.2314016086415,189.703147861204,31.9314132472627,16.5759026746459,67.549920146006,1.12333470103288,0.732612357520629,1.71841025002538
"Lethrinus","Lethrinidae","Emperors",NA,"Changu","Yes",200,NA,19.0749683029736,20.4815368358386,35.6931336014697,NA,NA,NA,NA,NA,NA,NA,NA,NA,NA,NA,NA,NA,NA,NA,NA,NA,NA,NA,NA,NA
"Gymnothorax flavimarginatus","Muraenidae",NA,NA,"Mkunga","Yes",NA,"Piscivore",67.2192311713158,85.8739026081476,148.48255534498,"S6","Carnivorous","Sed","Night","Sol","Bottom",17.1706579516846,8.89115331254879,31.5071383040991,0.278099510391954,0.145686740858485,0.505012021186542,55.6519519029218,14.2516216982019,197.738710617895,59.167905291993,30.8641074040798,124.587705167459,0.700239767217241,0.4616035467784,1.01996917852254
"Scarus","Scaridae","Parrotfishes",NA,"Pono","Yes",120,NA,67.2192311713158,85.8739026081476,148.48255534498,NA,NA,NA,NA,NA,NA,NA,NA,NA,NA,NA,NA,NA,NA,NA,NA,NA,NA,NA,NA,NA
"Paracanthurus hepatus","Acanthuridae","Surgeonfishes","Flagtail surgeonfish","Ngudu","Yes",120,"Planktivore",19.1916344735735,20.7128449006288,28.7496763889147,"S4","Herbivorous detritivorous","Sed","Day","MedG","Bottom",47.6141933832974,26.3946608232791,81.3625289446224,0.68416896416865,0.398910592333268,1.13869689332966,74.7915708707513,25.1709530259687,227.616406178796,29.0935017121949,14.7365399309736,55.1166552312561,1.00372285198091,0.600626029036334,1.54119873371059
"Myripristis berndti","Holocentridae","Squirrelfishes","Bigscale soldierfish","Kijame","Yes",NA,"Planktivore",19.5800548478535,18.3728438832921,33.2227256830864,"S4","Planktivorous","Mob","Night","SmallG","Low",62.8036203720338,27.7644995341226,154.198893956864,0.800605647385336,0.410027947464133,1.45381453586566,89.5283047763335,38.0669963432751,216.69187721784,39.1702592030423,21.9340168974675,65.2205487626139,1.12445016865789,0.687959829350118,1.81482737311122
"Naso hexacanthus","Acanthuridae","Surgeonfishes","Blacktoungue unicornfish","Sange","Yes",120,"Planktivore",27.7485721736853,31.238332874251,42.6240164827331,"S5","Planktivorous","VMob","Day","LargeG","High",32.6316402828694,15.1806078981568,68.4936017346814,0.76311876775379,0.395306865838762,1.46705027395074,76.3848950977036,21.3790027710675,272.544938877885,39.2126594060995,16.7474110346366,85.5233524673963,1.22133918362363,0.739413794770516,1.99083009181721
"Gymnocranius grandoculis","Lethrinidae","Emperors","Blue lined large eye bream","Changu","No",200,"Pisc-Macro-Invert",30.0739082550295,36.8917011147937,56.1033531994005,"S5","Mobile Inverts","Mob","Night","Sol","Bottom",31.1156227607013,18.002315016463,54.8476908383506,0.461547957293029,0.288074827305593,0.742311325201784,45.1083258239943,13.7511613782221,122.320891782736,47.2303703734744,28.1330082718559,75.861728734656,0.925735110885513,0.637502901401175,1.30726434561003
"Coris formosa","Labridae","Wrasses","Queen coris","Timbati","Yes",160,"Invert-Macro",13.2668096797388,14.7232589651582,27.0695646250134,"S5","Mobile Inverts","Mob","Day","Sol","Bottom",28.5448827209636,3.09833461741939,77.0294306405747,0.493860488471396,0.29518412878859,0.841010951389715,72.7875132408844,24.5235721495548,224.203463204799,39.9184708256032,16.2531787596938,107.693024006729,1.70858697185505,0.805259181733875,3.03078915478104
"Naso thynnoides","Acanthuridae","Surgeonfishes","Singlespine unicornfish","Kuranzi","Yes",120,"Planktivore",23.5045674039518,26.0292485858785,35.7258179475271,"S4","Planktivorous","VMob","Day","MedG","High",46.0674759408333,26.4521280405504,80.7763772689469,0.603191103749106,0.337370144773153,0.946047422892139,50.3782888770388,20.7621390936184,119.74542253238,37.6038687913846,21.7999642473741,59.5318386144587,1.26515878241658,0.792013041002916,1.79242267154335
"Scarus festivus","Scaridae","Parrotfishes","Parrotfish","Pono","Yes",120,"Scrapers/Excavators",21.2019595515219,29.6403145749041,35.7955865289913,"S4","Omnivorous","Mob","Day","Sol","Bottom",54.093168164821,25.9326949481994,112.087420499344,0.987585096356347,0.522737909328075,1.88871248490049,27.1820768592078,6.15959240313347,117.79351333355,20.0492220817254,8.21444635174607,50.5286646118422,3.1794913463679,1.98069923529411,5.03253956299047
"Caesio xanthonota","Caesionidae","Fusiliers","Yellowtop fusilier","Unua","Yes",NA,"Planktivore",15.2988214397086,17.595624176779,27.1101494035861,"S4","Planktivorous","VMob","Day","LargeG","High",45.7337007496309,28.9882910208553,83.3014928195363,0.772398748121778,0.530311289621841,1.08350307055321,71.7079261905725,31.5258737539352,163.933891499345,40.2582396996861,23.6807521364593,61.8170961024162,1.07218503449428,0.802721663661218,1.42763685525597
"Priacanthus hamrur","Priacanthidae",NA,NA,"Batani","Yes",NA,"Invert-Micro",18.9733926482528,21.0472991501513,36.5241388315397,"S4","Mobile Inverts","Mob","Night","SmallG","Low",53.2671098644405,31.6131787436677,86.15818581971,0.624070195058165,0.409454393044551,1.03218987270302,31.4766636047336,10.1625632456462,94.793998337656,37.5467025340262,21.4361248988831,68.7985759597524,0.998375840081853,0.685077794877558,1.44423304469867
"Naso unicornis","Acanthuridae","Surgeonfishes","Bluespine unicornfish","Sange","Yes",120,"Browser",24.618546359085,27.7222525653315,38.3780016824062,"S5","Macroalgal herbivorous","Mob","Day","SmallG","Bottom",33.3956313548277,17.8056628747758,57.7495640495663,0.624254744639288,0.352542075422427,1.04591448974375,13.3670947520366,3.58052528866827,47.8273381231804,41.4923576142778,19.6660899922826,85.3416591515544,1.06908309765387,0.625087580666829,1.67940347337882
"Acanthurus dussumieri","Acanthuridae","Surgeonfishes","Eyestripe surgeonfish","Kangaja","No",120,"Grazer",20.2214560897412,21.1548944402474,30.0459769753706,"S5","Herbivorous detritivorous","Mob","Day","SmallG","Bottom",45.309964273365,14.3443198251976,105.574301566849,0.745123017127619,0.289909105139981,1.89038452963318,21.0123170004094,5.30787092783031,79.0578728689267,21.7642756405509,7.83433443063242,63.6285961411602,2.17017657826612,0.682502796208228,4.16482552763611
"Cantherhines sandwichiensis","Monacanthidae",NA,NA,"Matune","Yes",80,"Invert-Micro",10.0772217452913,10.1700721553038,17.6556603074339,"S3","Omnivorous","Mob","Day","Sol","Bottom",37.3489520684057,14.1851524022276,150.059366250019,1.08801456057672,0.385189392576956,3.18463508782094,49.6838328713368,14.7788249555916,164.431628066739,36.4426834038272,13.2995782417118,108.369842074931,1.91540635428554,0.772179700157393,3.50334405372851
"Novaculichthys taeniourus","Labridae",NA,"Rockmover wrasse","Timbati","Yes",160,"Invert-Macro",13.2418963871583,15.2321998108832,24.4502417463219,"S4","Mobile Inverts","Mob","Day","Sol","Bottom",53.0556198479719,32.6375492611302,94.6548583835916,0.619344203712128,0.372869712946514,1.02880151423855,89.1424085064763,31.3957727972903,272.305919599276,34.8772865880578,20.7655814824338,54.4949809603817,1.50021040842697,1.05900717241189,2.62200516926312
"Naso tuberosus","Acanthuridae","Surgeonfishes","Humpnose unicornfish","Sange","Yes",120,"Grazer",21.6276283982893,23.7194089066774,32.6331059180975,"S5","Macroalgal herbivorous","VMob","Day","MedG","High",46.4622095001768,21.7148978159596,91.0729326265834,0.894627572523899,0.456488117455703,1.63564286789841,23.783395891583,5.7771324062678,95.4083353302324,42.2169206379272,18.4307485162505,95.4311412939904,1.71536814837596,1.01014182058709,2.71045094713691
"Coris","Labridae",NA,NA,"Timbati","Yes",160,NA,21.6276283982893,23.7194089066774,32.6331059180975,NA,NA,NA,NA,NA,NA,NA,NA,NA,NA,NA,NA,NA,NA,NA,NA,NA,NA,NA,NA,NA
"Carcharhinus melanopterus","Carcharhinidae",NA,NA,"Papa","Yes",NA,"Piscivore",134.503504453358,133.163468584387,213.656776438162,NA,NA,NA,NA,NA,NA,8.96657933084651,1.22337830748381,35.0542480335253,0.864816527214503,0.230832971208949,2.85628973224894,37.1476774209594,8.62377369844992,147.459507775063,16.8894023695897,3.07853872478043,56.3431459743554,0.561520602850951,0.250573260836795,1.28724953644645
"Myripristis","Holocentridae","Squirrelfishes",NA,"Kijame","Yes",NA,NA,134.503504453358,133.163468584387,213.656776438162,NA,NA,NA,NA,NA,NA,NA,NA,NA,NA,NA,NA,NA,NA,NA,NA,NA,NA,NA,NA,NA
"Cantherhines","Monacanthidae",NA,NA,"Matune","Yes",80,NA,134.503504453358,133.163468584387,213.656776438162,NA,NA,NA,NA,NA,NA,NA,NA,NA,NA,NA,NA,NA,NA,NA,NA,NA,NA,NA,NA,NA
"Caesio caerulaurea","Caesionidae","Fusiliers","Scissor-tailed fusilier","Unua","Yes",NA,"Invert-Micro",15.2988214397086,17.595624176779,27.1101494035861,"S4","Planktivorous","VMob","Day","LargeG","High",51.2355932507806,32.1797014166175,95.3789358491529,0.815475153488967,0.554177740674559,1.14934787146048,72.5010741834938,31.7219659235536,165.787026242317,39.3772870021518,23.354503047601,61.6427999275167,1.11075653966984,0.828126919726284,1.48503903194955
"Epinephelus multinotatus","Serranidae","Groupers","White-blotched grouper","Kivungwi","Yes",200,"Piscivore",38.2266811940245,46.2730356605234,71.3981989538381,"S6","Carnivorous","Mob","Both","Sol","Bottom",20.7558290768002,10.7601638547717,45.6665985134875,0.463973775809627,0.251425502037241,0.956253782425711,99.9077110637182,28.7901407749655,354.004774120292,48.1746949324035,27.9573999481248,84.6081994011292,1.10194795809904,0.692583133201573,1.67637293675601
"Ostracion meleagris","Ostraciidae","Trunkfishes","Spotted trunkfish","Fute","Yes",0,"Invert-Micro",19.0749683029736,20.4815368358386,35.6931336014697,"S3","Sessile Inverts","Mob","Day","Sol","Bottom",59.7824437200977,22.5931273811822,123.813697270845,0.677793197729379,0.427411304624192,1.31374221810248,46.9442591433075,13.6535065160193,155.379883439227,31.5143816903008,16.0722428752138,64.5345163605284,1.31870006277544,0.852020165045488,2.0515299948996
"Caranx sexfasciatus","Carangidae","Bigeye trevally","Jacks","Kambisi","Yes",NA,"Pisc-Macro-Invert",31.4250372035686,36.6031122717715,69.9027351696738,"S6","Mobile Inverts","VMob","Both","MedG","High",17.2060872364873,7.17052837999333,39.0883745738179,0.37889400320163,0.190163389926569,0.761764821160312,83.8976447090992,22.568147867046,299.345738989077,49.3188921811781,18.0118490082766,137.733758699415,0.582310820907377,0.37117148080409,0.965248279453189
"Chaetodon meyeri","Chaetodontidae","Butterflyfishes","Meyer's butterflyfish","Kitatange","Yes",80,"Invert-Micro",8.28462022115478,9.03050790143304,13.9345513902065,"S3","Sessile Inverts","Sed","Day","Pair","Bottom",83.9533042839997,50.9116953894586,137.777615247091,0.760571160195755,0.502717177923139,1.25433511089535,45.7074937427797,15.0933249624097,140.227028151611,29.947988205299,16.9215868458543,55.0909655160827,1.29358918624397,0.884259946106296,1.87558649788177
"Pterois miles","Scorpaenidae","Scorpionfishes","Lionfish","Chale","Yes",NA,NA,16.3429974242448,18.0144992748766,30.1629624142326,"S4","Carnivorous","Sed","Night","Sol","Low",43.9363529285635,22.2023222591643,101.687470587871,0.542950693161188,0.264527049724846,1.05562784028058,279.815675418008,96.3695967672222,830.061865471719,34.2411315600548,15.7523474278565,77.5774965758072,0.973472716839159,0.644006130946482,1.49474984857333
"Parupeneus","Mullidae",NA,NA,"Mkundaji",NA,160,NA,16.3429974242448,18.0144992748766,30.1629624142326,NA,NA,NA,NA,NA,NA,NA,NA,NA,NA,NA,NA,NA,NA,NA,NA,NA,NA,NA,NA,NA
"Lutjanus boutton","Lutjanidae","Snappers","Golden-lined snapper","Tembo","Yes",200,"Pisc-Macro-Invert",25.8759537166837,35.3502503795257,50.0796101619715,"S4","Mobile Inverts","Mob","Night","MedG","Low",36.4256738031401,22.5833342379698,57.5275246084918,0.445924969000094,0.284460336015415,0.730128575792738,202.789835090953,40.9309314790647,711.441190716826,68.0170837536021,39.0092247066982,118.167207753487,0.51089620961207,0.3603542583371,0.877710400371395
"Variola louti","Serranidae","Groupers","Lyretail grouper","Kikokwe","Yes",200,"Piscivore",32.0674187759478,37.3054759290492,60.1885698023548,"S5","Carnivorous","Mob","Day","Sol","Bottom",26.292788304304,15.0070515075111,45.4949173924833,0.479331623530528,0.29245379194047,0.765659681696684,117.590972932159,43.2356131525232,351.493133238648,44.1787656341166,25.4856110283975,73.2018338414656,0.773951479520271,0.531954797820028,1.12848257973827
"Acanthurus","Acanthuridae",NA,NA,"Ngudu","No",120,NA,32.0674187759478,37.3054759290492,60.1885698023548,NA,NA,NA,NA,NA,NA,NA,NA,NA,NA,NA,NA,NA,NA,NA,NA,NA,NA,NA,NA,NA
"Gnathodentex aureolineatus","Lethrinidae","Emperors","Goldspot seabream","Chengo","No",200,"Invert-Micro",23.311005164448,27.5742467830575,41.3971845463537,"S4","Mobile Inverts","Mob","Night","LargeG","Bottom",60.0859174109208,34.1640313263459,115.038727478512,0.59777201042745,0.366245682191759,0.980138849258164,69.1658328252939,20.9666104175505,192.440577315329,36.6349124976378,21.5628792199323,60.2984738323687,1.23310573669929,0.831763921614538,1.7320281516041
"Wetmorella","Labridae",NA,NA,"Nzumari","Yes",160,NA,23.311005164448,27.5742467830575,41.3971845463537,NA,NA,NA,NA,NA,NA,NA,NA,NA,NA,NA,NA,NA,NA,NA,NA,NA,NA,NA,NA,NA
"Upeneus sulphureus","Mullidae","Goatfishes","Sulphur goatfish","Mkundaji","No",160,NA,10.5514865084767,11.5374104265423,19.5626895284001,NA,NA,NA,NA,NA,NA,298.576115274434,151.272839677531,533.455485425245,1.42408359441708,0.684707661546821,2.77477533650361,16.7218148778429,6.10799122904883,54.7652947655323,65.4812756098908,31.8804918587734,133.198931627283,1.599550288329,0.898427962085852,2.36998862383954
"Pomacanthus imperator","Pomacanthidae",NA,NA,"Soya","Yes",160,"Invert-Micro",23.7917569896446,28.1696811958262,38.7523029292634,"S4","Sessile Inverts","Sed","Day","Sol","Bottom",27.6651274727447,14.8509354920882,48.2333583054828,0.412865202473836,0.244244175752782,0.720123998776737,95.0640663917174,22.7065659420403,371.637312512427,26.6452657466529,13.14197858551,53.976172259309,1.15723041836344,0.723825131412934,1.80580467097707
"Nebrius ferrugineus","Ginglymostomatidae",NA,NA,"Papa wa usingizi","Yes",NA,"Pisc-Macro-Invert",191.568209055156,219.097103694721,328.932168299572,NA,NA,NA,NA,NA,NA,10.2442451563766,1.67594187352552,33.3365798418292,0.383664474588315,0.116030839833631,1.09222604781168,34.3008086904696,12.571960158864,91.4568949627151,46.9000645749556,12.6794853289197,130.233310350647,0.537539012613534,0.251641069536459,1.26055622965431
"Chaetodon nigropunctatus","Chaetodontidae","Butterflyfishes","Black spotted butterflyfish","Kitatange","Yes",80,NA,8.28462022115478,9.03050790143304,13.9345513902065,"S2","Sessile Inverts","Sed","Day","Pair","Bottom",116.854273572606,66.8176153476011,207.530750049129,0.850612317485154,0.541154398666551,1.51576951075404,53.3481519851537,16.9849036885696,172.259484013807,28.0063217875096,14.5667850769325,56.2939018001821,1.36787289543627,0.909593781278503,2.04077945737787
"Rhinoptera javanica","Dasyatidae","Rays","Flapnose ray","Taa","No",NA,NA,58.6322903401699,68.2060960340835,108.594643680609,NA,NA,NA,NA,NA,NA,14.9575352513584,1.81359981531196,81.3086530125504,0.544319473907888,0.0937363710222154,2.12597483876124,29.4884739567336,5.59499490469273,154.860036553309,33.168081534036,7.39703315983365,141.958391001816,0.962517274778098,0.24908016936318,3.76989833018914
"Lethrinus erythracanthus","Lethrinidae","Emperors","Orange fin emperor","Changu","No",200,NA,25.6973100161148,30.2053797134728,44.237265593614,"S5","Mobile Inverts","VMob","Night","Sol","Bottom",31.9681451479174,22.0203900940415,44.5770446941123,0.775321842751878,0.550368997859207,1.08236719851905,17.1180683950632,4.31125314439741,95.3734211833218,52.4724287082397,35.1786350799547,79.4190117428857,2.0099370050633,1.44559467816962,2.64682386093148
"Plectorhinchus gibbosus","Haemulidae","Sweetlips","Gibbus sweetlips","Fute","No",160,NA,34.0233529215092,38.9062663928778,64.8229011060644,"S5","Mobile Inverts","Mob","Day","SmallG","Bottom",37.1064035912483,17.801053238483,83.4586844118023,0.592113799315795,0.298906746370428,1.28549125256082,53.9869298838033,13.7659579822034,195.05130727053,35.0874526273572,14.7165377388911,86.0699667793274,1.10090161941711,0.599029001009004,1.86667398553102
"Scarus falcipinnis","Scaridae","Parrotfishes","Greenbelly parrotfish","Pono","No",120,NA,21.2019595515219,29.6403145749041,35.7955865289913,"S5","Herbivorous detritivorous","Mob","Day","SmallG","Bottom",29.4198542238224,19.2716837770758,47.1312775146987,0.728041837034815,0.500766821411611,1.05321781745627,20.9868458813956,6.56288125950517,66.391774391295,21.3661292496251,13.8374799674814,33.9142570827076,2.08477058371433,1.52079025405093,2.75909274112809
"Macolor niger","Lethrinidae","Snappers","Black snapper","Changu","No",200,NA,33.3863245245344,45.0889806688204,66.6026611464178,"S5","Planktivorous","Mob","Both","MedG","High",32.2199077115074,18.7786091404857,55.8978714082482,0.454623668962558,0.259653275293164,0.723945347045467,65.8132631101282,24.2702380197656,185.803178830357,45.323671663523,26.1917075072038,74.1773836106361,0.933289354813733,0.606438742500164,1.32863634036157
"Lutjanus rivulatus","Lethrinidae","Snappers","Scribbled snapper","Changu","No",200,NA,32.6575278933309,46.4988149335169,66.673629581795,"S5","Carnivorous","Mob","Night","Sol","Low",22.8368190900084,14.3074266610313,32.7150448047535,0.274800227184641,0.188816952530933,0.430551842291366,135.500572554333,27.776917645768,367.265934759141,82.5410734913429,58.3675948881078,112.775634799405,0.43643541478759,0.330372492436851,0.700930567650287
"Acanthurus blochii","Acanthuridae","Surgeonfishes","Ringtail surgeonfish","Kangaja","Yes",120,NA,22.0704403391758,23.2819484984699,32.9002106935556,"S4","Herbivorous detritivorous","Mob","Day","SmallG","Bottom",47.1875780971831,15.0080499220984,110.015771954142,0.732889687091034,0.286525857411144,1.78595090990714,27.5744438378257,6.90350150807567,106.944389256754,19.7637306027541,7.17134955350306,59.4674882566744,2.28221620775195,0.722939358393486,4.3622292923424
"Lutjanus carponotatus","Lutjanidae","Snappers","Spanish flag, stripey","Tembo","No",200,NA,31.788259318451,43.6385378810965,57.3246401152484,"S4","Carnivorous","Mob","Night","MedG","Low",30.912918115434,18.7415328788124,47.3847524825452,0.397128778166029,0.257785326738934,0.6325945864492,242.700944757441,49.6766538841987,810.061614963952,67.1976173500938,38.8784383968077,113.727434702378,0.485140439056426,0.346367164069226,0.811638922105648
"Mugil cephalus","Mugilidae","Mullets","Flathead grey mullet","Mkizi","No",NA,NA,31.6942866650589,41.2470358630793,59.8453880810529,NA,NA,NA,NA,NA,NA,208.840810917571,89.7062419199688,396.283835271192,7.18062681910902,1.96130149002513,14.2126713074684,6.64741247715871,1.40737189496482,27.8974434569349,83.599131438862,39.0995933667354,175.455817179629,3.12027410215813,1.33088189835822,5.37359934080945
"Rastrelliger kanagurta","Albulidae","Mackerals","Stripped mackeral","Pandu","No",NA,NA,17.8810537624884,14.6085233694747,28.9743520112947,"S4","Planktivorous","VMob","Both","LargeG","High",204.103128233893,58.9748199868923,513.472202327687,2.9718359541515,1.54014640401483,5.98820310656872,19.1861110021156,4.44568777611985,82.6244056461541,47.032882614764,15.739995525135,147.371458332058,1.18931516459368,0.61572301535671,3.21432953892582
"Lethrinus microdon","Lethrinidae","Emperors","Smalltooth emperor","Changu domo","No",200,NA,33.2742955181453,39.4242291813462,59.8188794842972,"S5","Carnivorous","VMob","Night","SmallG","Bottom",31.1774582164801,21.6551730337149,43.5332050173709,0.731777442471949,0.525517952797481,1.02170804847296,18.0339340115596,4.5985603156537,101.823428255637,54.5556912175401,37.1232972296967,82.4655797824989,1.82168108160142,1.31282629729905,2.4289601200105
"Pomadasys commersonnii","Pseudochromidae","Grunters","Small spotted grunter","Paa mamba","No",NA,NA,35.5090176482175,39.9610040712712,75.7907600127604,"S5","Mobile Inverts","VMob","Both","SmallG","Bottom",47.8411025066803,24.3508017841268,94.0813494375351,0.799652109903974,0.41265338740108,1.43464226946969,35.8527526712514,11.2007347845729,111.616332319309,48.0559399094436,21.295777477934,102.352068636549,1.25296057263914,0.742670735462195,1.94024129819635
"Plectorhinchus picus","Haemulidae","Sweetlips","Spotted sweetlips","Shororo","No",160,NA,33.5815774040757,38.3335970835207,63.8261249504853,"S5","Mobile Inverts","Mob","Day","Sol","Bottom",30.1569008086463,17.9128318541525,52.1307001462073,0.46929920681685,0.278341978686414,0.787902690741094,57.1173591501733,23.6971842276068,127.598493571466,45.710470874661,26.212137397421,77.4694181581166,0.88204329676596,0.536378218819632,1.26236924525948
"Lethrinus conchyliatus","Lethrinidae","Emperors","Redaxil emperor","Ndomo","No",200,NA,25.9315080702118,30.6794514901359,45.0745822011526,"S5","Mobile Inverts","Mob","Night","Sol","Bottom",NA,NA,NA,NA,NA,NA,NA,NA,NA,NA,NA,NA,NA,NA,NA
"Plotosus lineatus","Plotosidae","Eelfishes","Striped eel catfish","Ngogo","Yes",NA,NA,15.2670571893926,17.980079464886,29.3473938104726,"S4","Mobile Inverts","Mob","Night","MedG","Bottom",79.9301590923906,37.1916243054319,180.302019702157,0.857075647127783,0.502841005082646,1.48313560120234,92.9388594584526,26.4955598697834,315.224180798319,36.0331284856212,16.7702336218065,81.3438545128219,1.57605814891922,1.02043713475113,2.34531018353697
"Mulloidichthys vanicolensis","Mullidae","Goatfishes","Yellowfin goatfish","Mkundaji","No",160,NA,17.758465869243,20.3441032993201,35.4456145863067,"S4","Mobile Inverts","Mob","Day","MedG","Bottom",61.3791175505859,33.8180193859138,129.252343808585,0.653043429873817,0.348820839176721,1.06832057018929,47.0507250572506,16.8732475950278,161.976311486441,43.282453743755,24.5816882313833,70.5949595041956,1.09535227722265,0.589235682172879,1.56623331735134
"Lutjanus kasmira","Lutjanidae","Snappers","Blue stripped snapper","Tembo","No",200,NA,20.8717035454949,27.9891175090054,39.6562062335007,"S4","Mobile Inverts","Mob","Night","LargeG","Low",31.2682991894668,19.7888920275698,43.6847804591547,0.300277029801578,0.199606671636847,0.473089109953703,232.66953055924,46.3072819135665,637.834197245345,64.2642206998134,46.2120938196735,89.0050650421597,0.539621666569009,0.407973283639323,0.870773344943771
"Scarus guacamaia","Scaridae","Parrotfishes","Rainbow parrotfish","Pono","No",120,NA,23.5454520889266,33.7682157344517,40.9574248805831,"S6","Herbivorous detritivorous","Mob","Day","SmallG","Low",13.6231368376779,7.86503126031793,24.8336763713147,0.93278700538557,0.546190255702395,1.68411274656602,8.28264401372113,2.03039286757388,34.2166153243546,12.3882692956671,6.76299496551804,24.1193089196241,1.34468167532415,0.889602834401656,1.9946785274378
"Plectorhinchus schotaf","Haemulidae","Sweetlips","Minstrel sweetlips","Fute","No",160,NA,31.6921391147686,35.6654952096118,58.913525511549,"S6","Mobile Inverts","Mob","Day","Sol","Bottom",35.2400194725181,17.1434498154483,71.2552539824681,0.591913546840537,0.314104861228673,1.13119233562145,77.5350237961999,24.071995017646,251.339237204878,40.1708736280757,19.059694623855,84.9332737880741,1.22066154917048,0.710269139820628,1.9446880819768
"Lutjanus campechanus","Lutjanidae","Snappers","Red snapper","Unga","No",200,NA,41.3311965249142,61.1789631426493,91.560654851478,"S6","Carnivorous","Mob","Day","SmallG","Low",12.4141925956972,7.18452999953661,21.494982580574,0.377195580994829,0.225438398522404,0.632211095819788,78.6059840222374,13.6443601349284,287.515138718031,40.6899795642447,23.1648523942703,72.2014698192512,0.329195708468329,0.22337892610108,0.573295562447823
"Lethrinus genivittatus","Lethrinidae","Emperors","Emperor","Changu mstari","No",200,NA,14.6416000502476,16.1622872396156,23.4111262037382,"S3","Mobile Inverts","VMob","Both","MedG","Bottom",105.730658172947,54.3592745840961,186.273940943095,1.5360498435963,0.862498377488417,2.9074811641699,24.8445026723197,5.31455630141405,154.37011732491,43.0649884648835,15.5213412665664,92.3456367373101,3.36153716771249,2.19132021335231,4.99267522089777
"Plectorhinchus lineatus","Haemulidae","Sweetlips","Diagonsal-banded sweetlips","Fute","No",160,NA,30.1068357854868,33.9975111498275,56.4650351034776,"S5","Mobile Inverts","Mob","Day","SmallG","Bottom",37.4338950337849,22.4699779403992,67.8186531918073,0.538628089353715,0.322582184592269,0.902362184743353,47.2637712775463,20.1115147798224,106.020714396822,46.7461358713766,26.9208951474599,78.436551273055,0.921554129668917,0.564531123351245,1.31870137327431
"Plectorhinchus chubbi","Haemulidae","Sweetlips","Minstrel sweetlips","Fute","No",160,NA,31.6921391147686,35.6654952096118,58.913525511549,"S5","Mobile Inverts","Mob","Day","Sol","Bottom",27.6964109344291,15.2294329194665,50.9129600651949,0.426139958539749,0.24107569299201,0.837117399865206,50.0343056489459,16.1330569378994,148.295632075698,36.2594017829429,19.5227493567705,67.864275397504,0.83708159614188,0.480447242113772,1.28537907510719
"Mulloidichthys dentatus","Mullidae","Goatfishes","Mexican goatfish","Mkundaji","No",160,NA,16.1036575571361,18.2812605588709,31.8907436018085,"S4","Mobile Inverts","Mob","Day","LargeG","Bottom",41.6967534980251,17.0140956064184,89.8694495119425,0.851442080635592,0.435138820986832,1.55077460808779,51.3713703273313,15.6116653053577,205.344096564899,17.7898364273454,8.68091687863322,33.878386377825,0.876118286815369,0.469755947266499,1.3960244130881
"Acanthurus xanthopterus","Acanthuridae","Surgeonfishes","Yellowfin surgeonfish","Kangaja","No",120,NA,21.5236162621141,22.6147928317854,31.9180360566172,"S5","Herbivorous detritivorous","Mob","Day","MedG","Bottom",45.125820261321,15.4545251726922,110.205309738595,0.698982800609356,0.261917651941041,1.87902670054518,31.3013487201185,12.7484298100445,76.0625380988533,26.6350714357188,9.0614483263577,89.2636395259453,1.98681582925077,0.683397324736179,3.96471310776326
"Monodactylus argenteus","Monodactylidae","Monos","Mono","Chembeu/ numbi","No",NA,NA,21.499017272869,25.2186139722751,38.7062151949129,"S3","Planktivorous","Sed","Day","MedG","Bottom",180.342945868395,94.491898254888,352.619250184496,1.55541705122746,0.858938910191962,2.95890923822243,19.9456859986982,6.12119221847238,60.072573740702,34.1555811274192,15.904098472687,85.2095851269409,1.75392308516641,1.13722461725509,2.67811790699008
"Aphareus furca","Lutjanidae","Snappers","Small toothed jobfish","Tembo","No",200,NA,42.6995388120478,59.1208462559322,87.6227194413468,"S5","Carnivorous","VMob","Both","SmallG","Low",32.8914588215426,17.5050113556053,61.5835576390787,0.585352073247227,0.36317484163986,0.938172930571653,81.0368653695114,31.4557272226271,233.002492311229,45.8455272423962,26.3184954596655,75.5257704446179,0.836664910466229,0.539988419464113,1.2001153892833
"Anampses lineatus","Labridae","Wrasses","Lined wrasse","Pono","No",160,NA,15.0189624185831,17.4477716233074,28.2070269166555,"S2","Mobile Inverts","Mob","Day","Sol","Bottom",103.592957581885,61.1513084559226,214.416176910769,0.788557224372366,0.457568101325125,1.34392483290638,128.605410336841,42.4649077105789,413.120875181557,28.7001377292933,15.8139600427467,50.7221803243631,1.81832116897751,1.23673994978212,3.22486762968251
"Zebrasoma velifer","Acanthuridae","Surgeonfishes","Sailfin tang","Kitata","No",120,NA,16.9780445667232,18.4967246278119,25.7038089268217,NA,NA,NA,NA,NA,NA,30.2544630483048,12.0372996546136,84.9099876478072,0.655058270175087,0.284583940113619,1.72024676231698,30.2036059225645,7.65033164661376,118.276068345078,11.9365416793672,4.51254185729872,35.113619415247,1.69565811099199,0.698230778825203,3.07948586829085
"Umbrina canariensis","Sciaenidae","Croakers","Canary drum","Beha","No",NA,NA,31.1364106683391,36.722925385225,57.6702176201385,NA,NA,NA,NA,NA,NA,64.0223075005808,31.8893232183018,120.548905670253,1.03697732869346,0.626329080784736,1.76258667265033,6.76542426912982,2.43500503683373,21.7458112069807,42.2872185879647,22.6475024064984,76.7149959816201,0.708878198649913,0.491695422703937,1.09889108608497
"Cheilinus oxycephalus","Labridae","Wrasses","Snooty wrasse","Kanga macho","No",160,NA,22.4325487010068,27.4159971222073,44.734774901083,"S3","Mobile Inverts","Mob","Day","Sol","Bottom",84.3045245017618,40.730214696914,166.383272239774,0.920892789300181,0.336776319198682,1.9113111372671,322.245393160983,59.9328609980244,1388.67878753254,31.2269533914245,12.9882112683213,66.0701566147036,3.40875004743896,1.81604341548542,5.77763816622617
"Pseudalutarius nasicornis","Monacanthidae","Filefishes","Rhinoceros leatherjacket","Kunju miba","No",80,NA,10.0772217452913,10.1700721553038,17.6556603074339,"S3","Mobile Inverts","VMob","Day","Pair","Bottom",52.7331126487973,17.0891809329185,163.693184444099,1.1674405019211,0.620714550756825,2.2181392487796,46.6146877795423,15.0977711953738,146.185691316284,16.7312043994184,7.53189641205557,37.5497286736501,1.22823529557195,0.686724350108268,2.11979732152179
"Echidna polyzona","Muraenidae","Moray eels","Barred moray","Mkunga","No",NA,NA,67.2192311713158,85.8739026081476,148.48255534498,"S5","Mobile Inverts","Sed","Night","Sol","Bottom",39.7403128353979,23.3462498889847,66.7272363584706,0.454921898227688,0.274779359475084,0.74091770881914,54.253170833834,15.5247704977651,172.107932389642,47.5200327364775,27.2564620351455,86.5310528889336,1.06620913865801,0.747081083339678,1.48470444574277
"Siganus canaliculatus","Siganidae","Rabbitfishes","White spotted spinefoot","Tafi","No",200,NA,18.2465860085787,17.2747994744475,22.7829675918726,"S4","Herbivorous detritivorous","VMob","Day","LargeG","Bottom",82.2841682260434,31.7682737448035,207.277092076715,1.36176341437171,0.543560681113521,3.22984936298556,12.5340073222137,2.54225697166671,56.1415600951249,26.5356572835164,6.92028265886076,80.4335558032257,1.65337384664197,0.7288924627178,3.74074103027378
"Callistoctopus macropus","Octopodidae","Octopus","Whitespotted octopus","Pweza","No",NA,NA,18.2465860085787,17.2747994744475,22.7829675918726,NA,NA,NA,NA,NA,NA,NA,NA,NA,NA,NA,NA,NA,NA,NA,NA,NA,NA,NA,NA,NA
"Acanthopagrus berda","Sparidae","Porgies","Goldsilk seabream","Chena","No",NA,NA,19.1058239106826,25.2621120706327,37.8783857626381,"S6","Mobile Inverts","VMob","Both","MedG","Bottom",102.319191478622,52.9061469904988,201.509762733818,0.857043584787503,0.494662275822219,1.81184548405669,9.82607301414675,2.79839561822687,32.7411440904477,66.3462169398577,28.8431247579104,154.290153892017,0.951819233122185,0.575451608719276,1.56739279398231
"Siganus","Siganidae","Rabbitfishes","White spotted rabbitfish","Tafi","No",200,NA,19.1058239106826,25.2621120706327,37.8783857626381,NA,NA,NA,NA,NA,NA,NA,NA,NA,NA,NA,NA,NA,NA,NA,NA,NA,NA,NA,NA,NA
"Histiopterus typus","Pentacerotidae","seabream","Twobar seabream","Kibembere","No",NA,NA,26.1230291169195,31.2048073365612,47.9213755584127,"S4","Mobile Inverts","VMob","Day","Pair","Low",10.2435210383919,4.67032576315477,20.2964767410746,0.261447720315139,0.130329525952891,0.502089695244223,21.4780143189281,3.92950502558979,115.088862059527,10.6044793408342,4.18250686304145,26.0364001399127,0.443369432688276,0.267446722092165,0.739336436461301
"Scarus tricolor","Scaridae","Parrotfishes","Parrotfish","Pono","No",120,NA,21.2019595515219,29.6403145749041,35.7955865289913,"S4","Omnivorous","Mob","Day","Sol","Bottom",52.5088769321849,34.3629267062062,83.0203404593622,0.912102712681641,0.621438365335583,1.32278315958304,30.0911112280809,9.42054576427163,95.3458699962008,17.5060841036041,11.2826296795333,27.2869838501078,2.58903818744141,1.88670216151174,3.47472194073898
"Pempheris adusta","Pempheridae","Sweepers","Dusky sweeper","Tafi","Yes",NA,NA,13.9832846531907,15.2117806450016,22.8248503084193,"S3","Planktivorous","Sed","Night","MedG","Low",54.4958972651803,29.6595226550985,102.685132736437,1.06784415379393,0.602875197571086,1.82588196318839,39.2658253094343,10.1808932306448,144.580278245599,12.6046952421766,6.29154203623387,26.6460742219097,1.09444781813344,0.677858458517238,1.74956141965045
"Myripristis botche","Holocentridae","Squirrelfishes","Bigscale soldierfish","Kijame","Yes",NA,NA,19.5800548478535,18.3728438832921,33.2227256830864,"S3","Planktivorous","Mob","Night","SmallG","Low",73.1439968091013,32.0909082775571,178.45616512958,0.639561557019019,0.299366163459071,1.18162699896632,74.6427717046167,28.7160886240118,191.463774105658,38.9256007988586,21.0392933057238,68.7126061852104,1.21571073758956,0.746968097536658,1.95534436593586
"Lethrinus xanthochilus","Lethrinidae","Emperors","Yellow emperor","Changu","No",200,NA,32.072680626368,39.0313182006426,57.7695232833807,"S5","Mobile Inverts","VMob","Both","Sol","Bottom",31.820804173668,22.1369880375586,44.2296402226592,0.715958747173622,0.512052124186045,1.00576700500956,22.5680420121034,5.69265613787848,126.780210286814,50.6870536898808,34.4279452864174,75.8637715793684,1.88867411516391,1.37184447477831,2.48422898376504
"Lethrinus enigmaticus","Lethrinidae","Emperors","Blackeye emperor","Changu","No",200,NA,30.7332836704108,39.1453205329416,56.3174170124158,"S5","Mobile Inverts","VMob","Night","SmallG","Bottom",34.5289899488774,24.0956293171987,48.3274636434313,0.714490730297129,0.498438350921364,1.0153693728768,30.3309989489216,7.42743478126529,176.35736733688,45.7876030537236,31.1271716659103,68.5371407577405,2.02079787877608,1.4650391526051,2.63650375687715
